ano,mes,bairro,distrito,local_ocorrencia,latitude,longitude,horafato
2019,JULHO,GUAMA,BELEM,RESIDENCIA PARTICULAR,"-1,4672942","-48,4612573",18:00:00
2019,ABRIL,SAO JOAO DO OUTEIRO,OUTEIRO,RESIDENCIA PARTICULAR,"-1,2650215","-48,4717809",18:00:00
2019,AGOSTO,NAZARE,BELEM,RESIDENCIA PARTICULAR,,,01:00:00
2019,JANEIRO,CIDADE VELHA,BELEM,"CAFE, BAR, RESTAURANTE","-1,456538","-48,5057884",22:30:00
2019,MARCO,CURIO-UTINGA,BELEM,RESIDENCIA PARTICULAR,"-1,4300814","-48,4466466",11:40:00
2019,JULHO,CAMPINA DE ICOARACI,ICOARACI,RESIDENCIA PARTICULAR,"-1,3003178","-48,4676155",03:00:00
2019,SETEMBRO,BATISTA CAMPOS,BELEM,RESIDENCIA PARTICULAR,"-1,4589754","-48,4891891",17:10:00
2019,SETEMBRO,BATISTA CAMPOS,BELEM,RESIDENCIA PARTICULAR,"-1,4589754","-48,4891891",16:20:00
2019,JUNHO,JURUNAS,BELEM,RESIDENCIA PARTICULAR,"-1,47275","-48,4853539",15:45:00
2019,MAIO,SACRAMENTA,BELEM,RESIDENCIA PARTICULAR,"-1,4114645","-48,4712581",17:55:00
2019,MAIO,PEDREIRA,BELEM,RESIDENCIA PARTICULAR,"-1,4207166","-48,4654652",19:30:00
2019,JULHO,VAL-DE-CANS,BELEM,RESIDENCIA PARTICULAR,"-1,3859921","-48,4604399",23:45:00
2019,OUTUBRO,CONDOR,BELEM,"CAFE, BAR, RESTAURANTE","-1,4741416","-48,4760251",21:45:00
2019,ABRIL,GUAMA,BELEM,RESIDENCIA PARTICULAR,"-1,4578842","-48,4613602",13:00:00
2019,ABRIL,MANGUEIRAO,BELEM,RESIDENCIA PARTICULAR,"-1,3785112","-48,4452235",11:00:00
2019,AGOSTO,CREMACAO,BELEM,RESIDENCIA PARTICULAR,"-1,4652402","-48,4797698",18:00:00
2019,SETEMBRO,GUAMA,BELEM,RESIDENCIA PARTICULAR,"-1,470512","-48,4638658",05:25:00
2019,SETEMBRO,PEDREIRA,BELEM,OUTROS,"-1,4196265","-48,4760915",17:30:00
2019,SETEMBRO,CONDOR,BELEM,RESIDENCIA PARTICULAR,"-1,472312","-48,481305",18:10:00
2019,AGOSTO,COQUEIRO BELEM,BELEM,ESTABELECIMENTO DE ENSINO,"-1,3431097","-48,4468712",16:00:00
2019,SETEMBRO,TELEGRAFO SEM FIO,BELEM,ESTABELECIMENTO DE ENSINO,"-1,3820107","-48,4873623",09:30:00
2019,MAIO,BENGUI,BELEM,VIA PUBLICA,"-1,3734273","-48,449455",17:00:00
2019,JUNHO,MARACACUERA,ICOARACI,RESIDENCIA PARTICULAR,"-1,3006203","-48,4580098",10:00:00
2019,ABRIL,PARQUE VERDE,BELEM,RESIDENCIA PARTICULAR,"-1,3626882","-48,4500286",11:30:00
2019,ABRIL,SAO BRAS,BELEM,TRANSPORTE,"-1,4390939","-48,4610921",19:10:00
2019,FEVEREIRO,BAIA DO SOL,MOSQUEIRO,RESIDENCIA PARTICULAR,"-1,4019342","-48,4472431",12:00:00
2019,AGOSTO,CARUARA,MOSQUEIRO,RESIDENCIA PARTICULAR,"-1,0889958","-48,3976854",19:00:00
2019,AGOSTO,UMARIZAL,BELEM,VIA PUBLICA,,,12:00:00
2019,OUTUBRO,COQUEIRO BELEM,BELEM,RESIDENCIA PARTICULAR,"-1,3471356","-48,4471112",19:20:00
2019,ABRIL,MANGUEIRAO,BELEM,RESIDENCIA PARTICULAR,"-1,383837","-48,4378546",20:05:00
2019,OUTUBRO,COQUEIRO BELEM,BELEM,RESIDENCIA PARTICULAR,"-1,3614646","-48,4374893",09:30:00
2019,AGOSTO,JURUNAS,BELEM,RESIDENCIA PARTICULAR,"-1,4683739","-48,4997892",05:00:00
2019,NOVEMBRO,GUAMA,BELEM,VIA PUBLICA,"-1,4689835","-48,4585392",12:55:00
2019,DEZEMBRO,TAPANA,ICOARACI,RESIDENCIA PARTICULAR,"-1,3377241","-48,4682825",21:05:00
2019,OUTUBRO,MARACACUERA,ICOARACI,RESIDENCIA PARTICULAR,"-1,293676863","-48,45634894",08:30:00
2019,MARCO,CRUZEIRO,ICOARACI,RESIDENCIA PARTICULAR,"-1,2947453","-48,4799684",04:00:00
2019,ABRIL,PEDREIRA,BELEM,ESTABELECIMENTO DE ENSINO,"-1,438609","-48,4723752",17:15:00
2019,SETEMBRO,TERRA FIRME,BELEM,TERRENO BALDIO,"-1,4648412","-48,455453",01:00:00
2019,OUTUBRO,UMARIZAL,BELEM,VIA PUBLICA,"-1,4422239","-48,4802578",01:00:00
2019,OUTUBRO,BRASILIA,OUTEIRO,RESIDENCIA PARTICULAR,"-1,2857239","-48,478793",04:00:00
2019,JULHO,TAPANA,ICOARACI,RESIDENCIA PARTICULAR,"-1,352592","-48,4602334",06:30:00
2019,OUTUBRO,GUAMA,BELEM,RESIDENCIA PARTICULAR,"-1,4669419","-48,4698422",22:30:00
2019,SETEMBRO,SAO FRANCISCO,MOSQUEIRO,RESIDENCIA PARTICULAR,"-1,460915446","-48,46507263",23:00:00
2019,MAIO,CAMPINA,BELEM,"HOTEL, PENSAO, ETC","-1,4495704","-48,4960952",16:00:00
2019,DEZEMBRO,CHAPEU VIRADO,MOSQUEIRO,RESIDENCIA PARTICULAR,"-1,1256928","-48,4399186",17:30:00
2019,DEZEMBRO,CAMPINA,BELEM,RESIDENCIA PARTICULAR,"-1,4530405","-48,5008094",04:30:00
2019,NOVEMBRO,CASTANHEIRA,BELEM,RESIDENCIA PARTICULAR,"-1,4044768","-48,4328567",14:00:00
2019,OUTUBRO,MARCO,BELEM,RESIDENCIA PARTICULAR,"-1,4342248","-48,4577069",13:24:00
2019,SETEMBRO,MARACACUERA,ICOARACI,RESIDENCIA PARTICULAR,"-1,3017625","-48,4651346",14:00:00
2019,FEVEREIRO,CIDADE VELHA,BELEM,RESIDENCIA PARTICULAR,"-1,4628464","-48,500538",18:15:00
2019,JULHO,GUAMA,BELEM,RESIDENCIA PARTICULAR,"-1,4575242","-48,4552022",14:00:00
2019,FEVEREIRO,PRATINHA,ICOARACI,RESIDENCIA PARTICULAR,"-1,4017326","-48,4384838",20:00:00
2019,ABRIL,MARAMBAIA,BELEM,VIA PUBLICA,"-1,4011381","-48,4346545",21:00:00
2019,MARCO,TENONE,ICOARACI,RESIDENCIA PARTICULAR,"-1,3259071","-48,4384724",05:05:00
2019,JANEIRO,AGULHA,ICOARACI,RESIDENCIA PARTICULAR,"-1,313182","-48,4740634",18:40:00
2019,JUNHO,UMARIZAL,BELEM,RESIDENCIA PARTICULAR,"-1,4347709","-48,4889376",15:00:00
2019,JULHO,GUAMA,BELEM,ESTABELECIMENTO DE ENSINO,"-1,4723758","-48,4549603",17:30:00
2019,ABRIL,TENONE,ICOARACI,RESIDENCIA PARTICULAR,"-1,3259071","-48,4384724",14:00:00
2019,JANEIRO,TERRA FIRME,BELEM,RESIDENCIA PARTICULAR,"-1,4509776","-48,454445",18:00:00
2019,OUTUBRO,MARACANGALHA,BELEM,RESIDENCIA PARTICULAR,"-1,4021138","-48,4787579",03:00:00
2019,JANEIRO,JURUNAS,BELEM,RESIDENCIA PARTICULAR,"-1,47275","-48,4853539",17:25:00
2019,JANEIRO,PARACURI,ICOARACI,RESIDENCIA PARTICULAR,"-1,3142761","-48,4741804",09:45:00
2019,SETEMBRO,BATISTA CAMPOS,BELEM,RESIDENCIA PARTICULAR,"-1,4589754","-48,4891891",17:55:00
2019,FEVEREIRO,SACRAMENTA,BELEM,RESIDENCIA PARTICULAR,"-1,4170136","-48,4828742",13:00:00
2019,MAIO,CANUDOS,BELEM,ESTABELECIMENTO DE ENSINO,"-1,4517917","-48,4575013",12:00:00
2019,AGOSTO,PEDREIRA,BELEM,RESIDENCIA PARTICULAR,"-1,4247685","-48,464819",10:00:00
2019,MARCO,SACRAMENTA,BELEM,VIA PUBLICA,"-1,4059187","-48,4678726",05:30:00
2019,SETEMBRO,BENGUI,BELEM,RESIDENCIA PARTICULAR,"-1,37412","-48,4529524",03:30:00
2019,AGOSTO,MARCO,BELEM,"HOTEL, PENSAO, ETC","-1,4415003","-48,4601988",19:45:00
2019,SETEMBRO,MARACANGALHA,BELEM,CASA COMERCIAL,"-1,3993109","-48,4752708",10:00:00
2019,AGOSTO,TAPANA,ICOARACI,RESIDENCIA PARTICULAR,"-1,3373415","-48,4570773",23:30:00
2019,SETEMBRO,CIDADE VELHA,BELEM,RESIDENCIA PARTICULAR,"-1,4626088","-48,4976267",04:00:00
2019,SETEMBRO,NAZARE,BELEM,CASA DE TOLERANCIA,"-1,4518221","-48,4745785",03:00:00
2019,DEZEMBRO,MARAMBAIA,BELEM,VIA PUBLICA,"-1,4053597","-48,4636737",05:05:00
2019,NOVEMBRO,MARCO,BELEM,RESIDENCIA PARTICULAR,"-1,4363705","-48,4667205",09:00:00
2019,JULHO,MARACANGALHA,BELEM,RESIDENCIA PARTICULAR,"-1,3993766","-48,4738045",22:00:00
2019,JUNHO,CAMPINA,BELEM,VIA PUBLICA,"-1,4475185","-48,4984062",11:00:00
2019,JUNHO,SACRAMENTA,BELEM,"HOTEL, PENSAO, ETC","-1,4114645","-48,4712581",11:00:00
2019,DEZEMBRO,MARCO,BELEM,"CAFE, BAR, RESTAURANTE","-1,4358516","-48,4618163",22:30:00
2019,AGOSTO,NAZARE,BELEM,RESIDENCIA PARTICULAR,,,03:00:00
2019,OUTUBRO,MARACANGALHA,BELEM,RESIDENCIA PARTICULAR,"-1,3991184","-48,4812179",05:10:00
2019,DEZEMBRO,PARQUE VERDE,BELEM,RESIDENCIA PARTICULAR,"-1,3663553","-48,4444989",19:00:00
2019,OUTUBRO,GUAMA,BELEM,VIA PUBLICA,"-1,4633261","-48,4674007",14:00:00
2019,SETEMBRO,REDUTO,BELEM,"CAFE, BAR, RESTAURANTE","-1,4483241","-48,4947792",09:00:00
2019,MARCO,PEDREIRA,BELEM,RESIDENCIA PARTICULAR,"-1,4273751","-48,4677628",19:00:00
2019,DEZEMBRO,CARANANDUBA,MOSQUEIRO,RESIDENCIA PARTICULAR,"-1,0942248","-48,4099249",13:25:00
2019,OUTUBRO,SOUZA,BELEM,VIA PUBLICA,"-1,4274526","-48,4524073",16:30:00
2019,JANEIRO,MARCO,BELEM,RESIDENCIA PARTICULAR,"-1,4401607","-48,4646987",18:00:00
2019,JUNHO,COQUEIRO BELEM,BELEM,RESIDENCIA PARTICULAR,"-1,3581326","-48,4319751",12:00:00
2019,OUTUBRO,PEDREIRA,BELEM,RESIDENCIA PARTICULAR,"-1,4263724","-48,4711704",12:50:00
2019,JUNHO,CASTANHEIRA,BELEM,"HOTEL, PENSAO, ETC","-1,4032579","-48,4245347",12:00:00
2019,JULHO,PEDREIRA,BELEM,CONDOMINIO RESIDENCIAL,"-1,4384596","-48,4698964",22:30:00
2019,AGOSTO,BENGUI,BELEM,RESIDENCIA PARTICULAR,"-1,3774752","-48,4566001",01:00:00
2019,DEZEMBRO,MARACANGALHA,BELEM,RESIDENCIA PARTICULAR,"-1,4048364","-48,4766779",18:15:00
2019,JUNHO,SAO JOAO DO OUTEIRO,OUTEIRO,RESIDENCIA PARTICULAR,"-1,2623298","-48,4629988",15:15:00
2019,DEZEMBRO,AGUAS NEGRAS,ICOARACI,RESIDENCIA PARTICULAR,"-1,2862724","-48,4593319",19:30:00
2019,OUTUBRO,JURUNAS,BELEM,OUTROS,,,15:34:00
2019,JANEIRO,CANUDOS,BELEM,RESIDENCIA PARTICULAR,"-1,4513308","-48,4642736",14:00:00
2019,OUTUBRO,CABANAGEM,BELEM,RESIDENCIA PARTICULAR,"-1,3604441","-48,4365922",18:00:00
2019,AGOSTO,AGUAS NEGRAS,ICOARACI,RESIDENCIA PARTICULAR,"-1,303087831","-48,45391464",17:30:00
2019,AGOSTO,MARACACUERA,ICOARACI,RESIDENCIA PARTICULAR,"-1,2978573","-48,4614365",11:00:00
2019,NOVEMBRO,BATISTA CAMPOS,BELEM,OUTROS,"-1,460937","-48,4902109",10:00:00
2019,JULHO,COQUEIRO BELEM,BELEM,"CAFE, BAR, RESTAURANTE","-1,3385477","-48,4428689",15:00:00
2019,NOVEMBRO,TAPANA,ICOARACI,RESIDENCIA PARTICULAR,"-1,3394667","-48,4682766",11:20:00
2019,NOVEMBRO,CAMPINA,BELEM,RESIDENCIA PARTICULAR,"-1,4513001","-48,4966613",03:00:00
2019,NOVEMBRO,CASTANHEIRA,BELEM,VIA PUBLICA,"-1,4084993","-48,4368877",23:00:00
2019,DEZEMBRO,SAO JOAO DO OUTEIRO,OUTEIRO,RESIDENCIA PARTICULAR,"-1,25885","-48,4647843",00:55:00
2019,JULHO,CAMPINA DE ICOARACI,ICOARACI,RESIDENCIA PARTICULAR,"-1,2969328","-48,4689731",10:05:00
2019,ABRIL,ARIRAMBA,MOSQUEIRO,RESIDENCIA PARTICULAR,"-1,1147348","-48,4275463",01:00:00
2019,ABRIL,NAZARE,BELEM,RESIDENCIA PARTICULAR,"-1,4484971","-48,4822377",18:40:00
2019,JUNHO,CURIO-UTINGA,BELEM,VIA PUBLICA,"-1,4368186","-48,4371381",11:30:00
2019,FEVEREIRO,MARAMBAIA,BELEM,RESIDENCIA PARTICULAR,"-1,3950533","-48,447774",02:45:00
2019,MAIO,SAO BRAS,BELEM,RESIDENCIA PARTICULAR,"-1,447894","-48,4628953",18:00:00
2019,MARCO,MARCO,BELEM,ESTABELECIMENTO DE ENSINO,"-1,4316152","-48,4552853",11:00:00
2019,MAIO,NAZARE,BELEM,ESTABELECIMENTO DE ENSINO,,,17:00:00
2019,MAIO,CONDOR,BELEM,RESIDENCIA PARTICULAR,"-1,4707167","-48,478419",03:00:00
2019,JULHO,SACRAMENTA,BELEM,RESIDENCIA PARTICULAR,"-1,4172926","-48,4832501",17:20:00
2019,JUNHO,TELEGRAFO SEM FIO,BELEM,RESIDENCIA PARTICULAR,"-1,4239788","-48,4795556",20:30:00
2019,JUNHO,NAZARE,BELEM,RESIDENCIA PARTICULAR,,,01:00:00
2019,JULHO,PARQUE GUAJARA,ICOARACI,VIA PUBLICA,"-1,3470843","-48,4642011",11:00:00
2019,MAIO,MARACANGALHA,BELEM,RESIDENCIA PARTICULAR,"-1,3991184","-48,4812179",22:00:00
2019,MARCO,AGULHA,ICOARACI,RESIDENCIA PARTICULAR,"-1,3058455","-48,4733463",17:00:00
2019,MARCO,CIDADE VELHA,BELEM,RESIDENCIA PARTICULAR,"-1,4626088","-48,4976267",14:30:00
2019,MARCO,PEDREIRA,BELEM,RESIDENCIA PARTICULAR,"-1,4231082","-48,4762403",16:00:00
2019,ABRIL,GUAMA,BELEM,RESIDENCIA PARTICULAR,"-1,4661589","-48,4606743",21:00:00
2019,JULHO,NATAL DO MURUBIRA,MOSQUEIRO,RESIDENCIA PARTICULAR,"-1,3614542","-48,4440512",22:30:00
2019,MARCO,BATISTA CAMPOS,BELEM,RESIDENCIA PARTICULAR,"-1,455824893","-48,48660008",15:30:00
2019,MARCO,TENONE,ICOARACI,VIA PUBLICA,"-1,3259071","-48,4384724",07:45:00
2019,MAIO,SACRAMENTA,BELEM,VIA PUBLICA,"-1,4132476","-48,4743087",23:00:00
2019,JUNHO,MARACANGALHA,BELEM,RESIDENCIA PARTICULAR,"-1,2825029","-48,4588125",14:00:00
2019,FEVEREIRO,GUAMA,BELEM,RESIDENCIA PARTICULAR,"-1,4718866","-48,4656224",05:00:00
2019,JULHO,TELEGRAFO SEM FIO,BELEM,RESIDENCIA PARTICULAR,"-1,3820107","-48,4873623",07:50:00
2019,AGOSTO,CREMACAO,BELEM,VIA PUBLICA,"-1,457277","-48,4804703",23:30:00
2019,FEVEREIRO,PEDREIRA,BELEM,RESIDENCIA PARTICULAR,"-1,4712088","-48,4855386",09:00:00
2019,MARCO,TERRA FIRME,BELEM,RESIDENCIA PARTICULAR,"-1,4632855","-48,4535353",14:40:00
2019,FEVEREIRO,SAO BRAS,BELEM,VIA PUBLICA,"-1,4546566","-48,4697187",01:00:00
2019,JANEIRO,PEDREIRA,BELEM,VIA PUBLICA,"-1,4302445","-48,4660556",19:00:00
2019,FEVEREIRO,PEDREIRA,BELEM,"HOTEL, PENSAO, ETC","-1,4263724","-48,4711704",18:20:00
2019,MARCO,SAO BRAS,BELEM,VIA PUBLICA,"-1,4390939","-48,4610921",09:17:00
2019,JANEIRO,CREMACAO,BELEM,RESIDENCIA PARTICULAR,"-1,4663264","-48,4804779",00:00:00
2019,JANEIRO,TERRA FIRME,BELEM,RESIDENCIA PARTICULAR,"-1,4634444","-48,4540652",08:55:00
2019,JANEIRO,COQUEIRO BELEM,BELEM,RESIDENCIA PARTICULAR,"-1,3648362","-48,4269795",22:30:00
2019,JANEIRO,AGUA BOA,OUTEIRO,VIA PUBLICA,"-1,25885","-48,4647843",19:17:00
2019,OUTUBRO,JURUNAS,BELEM,RESIDENCIA PARTICULAR,"-1,4710024","-48,49686",22:30:00
2019,MARCO,TAPANA,ICOARACI,VIA PUBLICA,"-1,3390582","-48,4593846",04:00:00
2019,SETEMBRO,PARQUE GUAJARA,ICOARACI,RESIDENCIA PARTICULAR,"-1,3283104","-48,4533243",12:00:00
2019,SETEMBRO,CRUZEIRO,ICOARACI,RESIDENCIA PARTICULAR,"-1,2996259","-48,4887387",17:45:00
2019,JULHO,JURUNAS,BELEM,RESIDENCIA PARTICULAR,"-1,4693695","-48,4863504",20:00:00
2019,MAIO,CANUDOS,BELEM,VIA PUBLICA,"-1,4506575","-48,4611906",01:00:00
2019,JULHO,MARACANGALHA,BELEM,RESIDENCIA PARTICULAR,"-1,3788457","-48,4365851",11:40:00
2019,SETEMBRO,JURUNAS,BELEM,RESIDENCIA PARTICULAR,"-1,4667046","-48,4675318",10:00:00
2019,AGOSTO,AGUAS NEGRAS,ICOARACI,RESIDENCIA PARTICULAR,"-1,399329","-48,4764593",16:30:00
2019,JULHO,UMARIZAL,BELEM,HOSPITAL,"-1,449323","-48,4805721",19:30:00
2019,ABRIL,MARCO,BELEM,VIA PUBLICA,"-1,4316152","-48,4552853",18:00:00
2019,AGOSTO,JURUNAS,BELEM,RESIDENCIA PARTICULAR,"-1,4608216","-48,4844829",05:00:00
2019,MAIO,NAZARE,BELEM,ESTABELECIMENTO DE ENSINO,"-1,449323","-48,4805721",17:30:00
2019,JULHO,MARAMBAIA,BELEM,RESIDENCIA PARTICULAR,"-1,3950533","-48,447774",03:00:00
2019,FEVEREIRO,COQUEIRO BELEM,BELEM,RESIDENCIA PARTICULAR,"-1,350619","-48,4446627",20:00:00
2019,NOVEMBRO,MANGUEIRAO,BELEM,VIA PUBLICA,"-1,3785112","-48,4452235",18:00:00
2019,AGOSTO,CABANAGEM,BELEM,RESIDENCIA PARTICULAR,"-1,3642971","-48,4353299",14:00:00
2019,JULHO,SACRAMENTA,BELEM,RESIDENCIA PARTICULAR,"-1,4172926","-48,4832501",17:20:00
2019,MARCO,FAROL,MOSQUEIRO,RESIDENCIA PARTICULAR,"-1,1414422","-48,4622881",03:00:00
2019,NOVEMBRO,UMARIZAL,BELEM,VIA PUBLICA,"-1,4362609","-48,491696",16:15:00
2019,MAIO,TAPANA,ICOARACI,VIA PUBLICA,"-1,3541126","-48,4661873",01:00:00
2019,ABRIL,MARCO,BELEM,RESIDENCIA PARTICULAR,"-1,4512501","-48,4466771",00:30:00
2019,AGOSTO,MARACANGALHA,BELEM,RESIDENCIA PARTICULAR,"-1,4004482","-48,490084",18:00:00
2019,ABRIL,SOUZA,BELEM,VIA PUBLICA,"-1,4274526","-48,4524073",16:30:00
2019,ABRIL,PARQUE GUAJARA,ICOARACI,RESIDENCIA PARTICULAR,"-1,3224756","-48,4525247",16:30:00
2019,FEVEREIRO,CARANANDUBA,MOSQUEIRO,VIA PUBLICA,"-1,0942248","-48,4099249",16:00:00
2019,MARCO,TENONE,ICOARACI,RESIDENCIA PARTICULAR,"-1,2871908","-48,4591414",14:00:00
2019,DEZEMBRO,PARQUE GUAJARA,ICOARACI,RESIDENCIA PARTICULAR,"-1,3165105","-48,4615263",16:15:00
2020,JULHO,NAZARE,BELEM,RESIDENCIA PARTICULAR,,,23:39:00
2020,SETEMBRO,MARAMBAIA,BELEM,RESIDENCIA PARTICULAR,"-1,4011209","-48,4506889",09:00:00
2020,DEZEMBRO,BENGUI,BELEM,RESIDENCIA PARTICULAR,"-1,3748785","-48,4610363",12:00:00
2020,MARCO,MARACANGALHA,BELEM,RESIDENCIA PARTICULAR,-1.4005144,-48.4882121,07:10:00
2020,DEZEMBRO,MARACACUERA,ICOARACI,RESIDENCIA PARTICULAR,"-1,2997407","-48,44716",04:30:00
2020,ABRIL,MARAMBAIA,BELEM,VIA PUBLICA,"-1,4053772","-48,4473586",05:10:00
2020,JUNHO,TELEGRAFO SEM FIO,BELEM,RESIDENCIA PARTICULAR,"-1,4316808","-48,4858174",05:00:00
2020,MARCO,TENONE,ICOARACI,RESIDENCIA PARTICULAR,"-1,3497896","-48,4469234",20:59:00
2020,DEZEMBRO,TENONE,ICOARACI,RESIDENCIA PARTICULAR,"-1,351327062","-48,473556519",10:00:00
2020,JANEIRO,CAMPINA,BELEM,RESIDENCIA PARTICULAR,"-1,4498308","-48,5005344",10:00:00
2020,SETEMBRO,BARREIRO,BELEM,RESIDENCIA PARTICULAR,"-1,4165661","-48,4879912",10:00:00
2020,ABRIL,PEDREIRA,BELEM,RESIDENCIA PARTICULAR,,,17:30:00
2020,NOVEMBRO,MARACANGALHA,BELEM,RESIDENCIA PARTICULAR,"-1,4199158","-48,4610392",20:40:00
2020,OUTUBRO,CREMACAO,BELEM,RESIDENCIA PARTICULAR,"-1,4652402","-48,4797698",22:00:00
2020,SETEMBRO,TAPANA,ICOARACI,RESIDENCIA PARTICULAR,"-1,3286451","-48,46724",02:15:00
2020,JANEIRO,REDUTO,BELEM,RESIDENCIA PARTICULAR,"-1,4483241","-48,4947792",12:00:00
2020,JULHO,TAPANA,ICOARACI,RESIDENCIA PARTICULAR,"-1,3390582","-48,4593846",15:30:00
2020,DEZEMBRO,PARQUE GUAJARA,ICOARACI,CONDOMINIO RESIDENCIAL,"-1,321894","-48,4504714",02:30:00
2020,NOVEMBRO,CASTANHEIRA,BELEM,RESIDENCIA PARTICULAR,"-1,4080574","-48,4305158",06:10:00
2020,JANEIRO,MANGUEIRAO,BELEM,RESIDENCIA PARTICULAR,-1.3525964,-48.4388981,00:00:00
2020,OUTUBRO,NAZARE,BELEM,RESIDENCIA PARTICULAR,,,11:00:00
2020,AGOSTO,SAO BRAS,BELEM,"CAFE, BAR, RESTAURANTE","-1,4562213","-48,4738512",02:30:00
2020,JULHO,SOUZA,BELEM,RESIDENCIA PARTICULAR,"-1,4360542","-48,4664476",04:00:00
2020,SETEMBRO,CASTANHEIRA,BELEM,"HOTEL, PENSAO, ETC","-1,402193","-48,4314836",10:45:00
2020,OUTUBRO,SOUZA,BELEM,HOTEL,"-1,406609","-48,4664287",20:30:00
2020,OUTUBRO,MARCO,BELEM,HOSPITAL,"-1,4316152","-48,4552853",00:00:00
2020,JUNHO,MARAMBAIA,BELEM,RESIDENCIA PARTICULAR,"-1,4060257","-48,4599336",16:40:00
2020,JUNHO,MARAMBAIA,BELEM,RESIDENCIA PARTICULAR,"-1,4021203","-48,4534034",09:10:00
2020,AGOSTO,SOUZA,BELEM,RESIDENCIA PARTICULAR,"-1,4147281","-48,449946",05:50:00
2020,MAIO,GUAMA,BELEM,RESIDENCIA PARTICULAR,"-1,4581341","-48,470768",00:30:00
2020,FEVEREIRO,SAO JOAO DO OUTEIRO,OUTEIRO,RESIDENCIA PARTICULAR,"-1,2647008","-48,4689361",03:00:00
2020,AGOSTO,UNA,BELEM,RESIDENCIA PARTICULAR,"-1,3710999","-48,4281658",10:00:00
2020,FEVEREIRO,PEDREIRA,BELEM,RESIDENCIA PARTICULAR,-1.4159185,-48.4690342,18:25:00
2020,JULHO,CRUZEIRO,ICOARACI,RESIDENCIA PARTICULAR,"-1,3057919","-48,4873234",11:45:00
2020,AGOSTO,CASTANHEIRA,BELEM,RESIDENCIA PARTICULAR,,,03:50:00
2020,JANEIRO,BARREIRO,BELEM,RESIDENCIA PARTICULAR,"-1,4150568","-48,493041",10:00:00
2020,JANEIRO,TAPANA,ICOARACI,RESIDENCIA PARTICULAR,"-1,3402832","-48,4701334",08:40:00
2020,OUTUBRO,MARACANGALHA,BELEM,RESIDENCIA PARTICULAR,,,08:00:00
2020,JUNHO,BATISTA CAMPOS,BELEM,RESIDENCIA PARTICULAR,"-1,4618833","-48,4880443",22:00:00
2020,ABRIL,PARQUE VERDE,BELEM,PREDIO,"-1,3626882","-48,4500286",20:00:00
2020,MAIO,MARAMBAIA,BELEM,RESIDENCIA PARTICULAR,"-1,3962307","-48,4437813",12:00:00
2020,NOVEMBRO,BATISTA CAMPOS,BELEM,RESIDENCIA PARTICULAR,"-1,4609237","-48,4901663",22:30:00
2020,NOVEMBRO,TAPANA,ICOARACI,VIA PUBLICA,"-1,3424684","-48,4757624",22:50:00
2020,NOVEMBRO,GUAMA,BELEM,RESIDENCIA PARTICULAR,"-1,4627383","-48,4718676",08:30:00
2020,OUTUBRO,TELEGRAFO SEM FIO,BELEM,RESIDENCIA PARTICULAR,"-1,4250458","-48,4822663",22:00:00
2020,DEZEMBRO,TENONE,ICOARACI,RESIDENCIA PARTICULAR,,,01:39:00
2020,MAIO,TENONE,ICOARACI,RESIDENCIA PARTICULAR,"-1,2720617","-48,4720638",02:30:00
2020,OUTUBRO,MARACACUERA,ICOARACI,"HOTEL, PENSAO, ETC","-1,3495751","-48,4668432",22:00:00
2020,JUNHO,UMARIZAL,BELEM,RESIDENCIA PARTICULAR,"-1,4399714","-48,4883263",02:30:00
2020,ABRIL,JURUNAS,BELEM,RESIDENCIA PARTICULAR,"-1,4695443","-48,4967345",04:30:00
2020,JANEIRO,CIDADE VELHA,BELEM,OUTROS,"-1,456538","-48,5057884",05:00:00
2020,FEVEREIRO,JURUNAS,BELEM,VIA PUBLICA,-1.4739327,-48.4866454,00:30:00
2020,OUTUBRO,MARACANGALHA,BELEM,VIA PUBLICA,"-1,3993766","-48,4738045",01:00:00
2020,ABRIL,SAO JOAO DO OUTEIRO,OUTEIRO,VIA PUBLICA,"-1,2651472","-48,4629374",17:29:00
2020,ABRIL,CAMPINA,BELEM,HOSPITAL,"-1,4492166","-48,4965117",10:00:00
2020,AGOSTO,MURUBIRA,MOSQUEIRO,RESIDENCIA PARTICULAR,"-1,2708197","-48,4488972",04:00:00
2020,JANEIRO,CONDOR,BELEM,RESIDENCIA PARTICULAR,"-1,4606371","-48,4788352",07:00:00
2020,NOVEMBRO,SAO BRAS,BELEM,"HOTEL, PENSAO, ETC","-1,450797","-48,4653706",13:00:00
2020,JULHO,PARQUE GUAJARA,ICOARACI,RESIDENCIA PARTICULAR,"-1,321894","-48,4504714",02:00:00
2020,MAIO,TAPANA,ICOARACI,LOGRADORO PUBLICO,"-1,3439159","-48,474735",10:05:00
2020,JANEIRO,CAMPINA,BELEM,VIA PUBLICA,"-1,4539687","-48,4967747",01:30:00
2020,AGOSTO,FATIMA,BELEM,RESIDENCIA PARTICULAR,"-1,4515052","-48,472326",02:30:00
2020,SETEMBRO,PARQUE VERDE,BELEM,RESIDENCIA PARTICULAR,"-1,3548134","-48,4573789",23:00:00
2020,JULHO,CAMPINA DE ICOARACI,ICOARACI,RESIDENCIA PARTICULAR,"-1,2938977","-48,4669556",03:00:00
2020,ABRIL,CRUZEIRO,ICOARACI,RESIDENCIA PARTICULAR,"-1,2984575","-48,4816482",20:30:00
2020,JUNHO,MARAMBAIA,BELEM,RESIDENCIA PARTICULAR,"-1,3982984","-48,4407202",04:20:00
2020,AGOSTO,PEDREIRA,BELEM,RESIDENCIA PARTICULAR,"-1,4234042","-48,4631883",02:00:00
2020,MAIO,GUAMA,BELEM,VIA PUBLICA,"-1,4700151","-48,4953158",09:00:00
2020,MARCO,TERRA FIRME,BELEM,VIA PUBLICA,"-1,4609416","-48,4513627",12:30:00
2020,MARCO,PARQUE VERDE,BELEM,RESIDENCIA PARTICULAR,-1.3791187,-48.4626312,04:00:00
2020,DEZEMBRO,CAMPINA DE ICOARACI,ICOARACI,RESIDENCIA PARTICULAR,"-1,2938977","-48,4669556",17:39:00
2020,MARCO,CAMPINA,BELEM,OUTROS,"-1,4498308","-48,5005344",19:00:00
2020,MARCO,MANGUEIRAO,BELEM,VIA PUBLICA,-1.3787812,-48.4411683,17:05:00
2020,FEVEREIRO,PARQUE VERDE,BELEM,OUTROS,-1.3501429,-48.4526729,20:00:00
2020,MAIO,MARAMBAIA,BELEM,RESIDENCIA PARTICULAR,"-1,4039445","-48,4648755",07:30:00
2020,MAIO,CURIO-UTINGA,BELEM,RESIDENCIA PARTICULAR,"-1,4226041","-48,4453585",05:00:00
2020,AGOSTO,CASTANHEIRA,BELEM,"HOTEL, PENSAO, ETC","-1,4061434","-48,4312694",03:00:00
2020,SETEMBRO,PRAIA GRANDE,MOSQUEIRO,RESIDENCIA PARTICULAR,"-1,1505237","-48,4670902",00:00:00
2020,DEZEMBRO,CABANAGEM,BELEM,RESIDENCIA PARTICULAR,"-1,3606026","-48,4347838",21:00:00
2020,OUTUBRO,NAZARE,BELEM,RESIDENCIA PARTICULAR,,,03:00:00
2020,JANEIRO,UMARIZAL,BELEM,RESIDENCIA PARTICULAR,-1.4409355,-48.4843235,16:00:00
2020,JUNHO,PEDREIRA,BELEM,RESIDENCIA PARTICULAR,"-1,4159185","-48,4690342",16:30:00
2020,AGOSTO,MARCO,BELEM,EDIFICIO PUBLICO,"-1,445837","-48,4560625",19:00:00
2020,JANEIRO,PARQUE VERDE,BELEM,RESIDENCIA PARTICULAR,-1.3501429,-48.4526729,12:00:00
2020,FEVEREIRO,PARQUE VERDE,BELEM,RESIDENCIA PARTICULAR,-1.3613115,-48.4486783,10:00:00
2020,DEZEMBRO,SACRAMENTA,BELEM,RESIDENCIA PARTICULAR,"-1,4505194","-48,4530492",10:28:00
2020,MAIO,SACRAMENTA,BELEM,RESIDENCIA PARTICULAR,"-1,4192264","-48,4801333",20:00:00
2020,MAIO,JURUNAS,BELEM,RESIDENCIA PARTICULAR,"-1,4710024","-48,49686",01:00:00
2020,AGOSTO,MARAMBAIA,BELEM,RESIDENCIA PARTICULAR,"-1,4064988","-48,4554008",22:45:00
2020,AGOSTO,GUAMA,BELEM,RESIDENCIA PARTICULAR,"-1,4684816","-48,4673307",02:40:00
2020,SETEMBRO,CRUZEIRO,ICOARACI,RESIDENCIA PARTICULAR,"-1,3057919","-48,4873234",09:00:00
2020,FEVEREIRO,SAO FRANCISCO,MOSQUEIRO,RESIDENCIA PARTICULAR,-1.2708197,-48.4488972,17:37:00
2020,MARCO,CURIO-UTINGA,BELEM,VIA PUBLICA,-1.42873,-48.4504152,19:00:00
2020,DEZEMBRO,UMARIZAL,BELEM,RESIDENCIA PARTICULAR,"-1,4409355","-48,4843235",14:50:00
2020,AGOSTO,TAPANA,ICOARACI,RESIDENCIA PARTICULAR,"-1,3439159","-48,474735",01:00:00
2020,AGOSTO,SACRAMENTA,BELEM,VIA PUBLICA,"-1,413247","-48,4743097",19:00:00
2020,DEZEMBRO,SACRAMENTA,BELEM,OUTROS,"-1,4193795","-48,477179",18:00:00
2020,JULHO,VAL-DE-CANS,BELEM,RESIDENCIA PARTICULAR,"-1,3976489","-48,4734124",12:50:00
2020,JUNHO,CAMPINA,BELEM,VIA PUBLICA,"-1,4491263","-48,4964484",23:00:00
2020,FEVEREIRO,PEDREIRA,BELEM,RESIDENCIA PARTICULAR,-1.434701,-48.4675376,21:00:00
2020,OUTUBRO,MARACACUERA,ICOARACI,"HOTEL, PENSAO, ETC","-1,3495751","-48,4668432",22:00:00
2020,SETEMBRO,PEDREIRA,BELEM,RESIDENCIA PARTICULAR,"-1,4302445","-48,4660556",21:00:00
2020,JUNHO,SAO BRAS,BELEM,RESIDENCIA PARTICULAR,,,03:00:00
2020,SETEMBRO,TAPANA,ICOARACI,HABITACAO COLETIVA,,,17:00:00
2020,MARCO,MARACANGALHA,BELEM,RESIDENCIA PARTICULAR,-1.3962065,-48.4741404,19:00:00
2020,AGOSTO,ARIRAMBA,MOSQUEIRO,EDIFICIO PUBLICO,"-1,334416","-48,4397741",10:00:00
2020,NOVEMBRO,MARCO,BELEM,OUTROS,"-1,4392521","-48,4595229",11:00:00
2020,JANEIRO,MARCO,BELEM,RESIDENCIA PARTICULAR,"-1,4418839","-48,4649942",12:00:00
2020,JULHO,BATISTA CAMPOS,BELEM,HOSPITAL,,,02:00:00
2020,AGOSTO,NAZARE,BELEM,RESIDENCIA PARTICULAR,,,11:00:00
2020,JANEIRO,COQUEIRO BELEM,BELEM,OUTROS,"-1,3550719","-48,4348661",16:00:00
2020,MAIO,NAZARE,BELEM,RESIDENCIA PARTICULAR,,,12:45:00
2020,MAIO,NAZARE,BELEM,RESIDENCIA PARTICULAR,,,03:00:00
2020,DEZEMBRO,MANGUEIRAO,BELEM,OUTROS,"-1,3785112","-48,4452235",20:10:00
2020,JULHO,CAMPINA,BELEM,TRANSPORTE,"-1,4498308","-48,5005344",12:30:00
2020,JUNHO,MARCO,BELEM,RESIDENCIA PARTICULAR,"-1,4425644","-48,4491015",10:00:00
2020,NOVEMBRO,GUAMA,BELEM,RESIDENCIA PARTICULAR,"-1,4655167","-48,4687079",13:00:00
2020,NOVEMBRO,SAO FRANCISCO,MOSQUEIRO,RESIDENCIA PARTICULAR,"-1,4039116","-48,4367041",19:00:00
2020,DEZEMBRO,SOUZA,BELEM,VIA PUBLICA,"-1,4274526","-48,4524073",19:45:00
2020,OUTUBRO,TAPANA,ICOARACI,RESIDENCIA PARTICULAR,"-1,3295135","-48,4660803",06:30:00
2020,OUTUBRO,CONDOR,BELEM,RESIDENCIA PARTICULAR,"-1,4745492","-48,4807482",01:50:00
2020,OUTUBRO,MARCO,BELEM,VIA PUBLICA,"-1,4441608","-48,4571009",06:00:00
2020,DEZEMBRO,TELEGRAFO SEM FIO,BELEM,VIA PUBLICA,,,02:00:00
2020,JANEIRO,REDUTO,BELEM,CASA COMERCIAL,"-1,4585823","-48,4851628",04:10:00
2020,FEVEREIRO,SACRAMENTA,BELEM,RESIDENCIA PARTICULAR,-1.4190834,-48.4800355,17:00:00
2020,DEZEMBRO,MARAMBAIA,BELEM,RESIDENCIA PARTICULAR,"-1,4014552","-48,483277",01:00:00
2020,OUTUBRO,UMARIZAL,BELEM,CONSULTORIO,"-1,440814","-48,4870407",15:30:00
2020,DEZEMBRO,PEDREIRA,BELEM,VIA PUBLICA,"-1,4350246","-48,4757114",22:00:00
2020,FEVEREIRO,MARCO,BELEM,"CAFE, BAR, RESTAURANTE","-1,4441608","-48,4571009",09:00:00
2021,SETEMBRO,COTIJUBA,ICOARACI,RESIDENCIA PARTICULAR,"-1,149517","-48,4633238",18:00:00
2021,SETEMBRO,PARACURI,ICOARACI,RESIDENCIA PARTICULAR,"-1,3125653","-48,4788635",20:00:00
2021,JUNHO,TERRA FIRME,BELEM,RESIDENCIA PARTICULAR,"-1,4510568","-48,4483983",04:00:00
2021,JUNHO,PARACURI,ICOARACI,RESIDENCIA PARTICULAR,"-1,3147914","-48,4734102",15:00:00
2021,MARCO,TERRA FIRME,BELEM,RESIDENCIA PARTICULAR,"-1,4549837","-48,4513233",08:00:00
2021,MAIO,CIDADE VELHA,BELEM,"HOTEL, PENSAO, ETC","-1,4593745","-48,5049504",17:00:00
2021,NOVEMBRO,MARACANGALHA,BELEM,RESIDENCIA PARTICULAR,"-1,400521","-48,4879474",15:00:00
2021,MARCO,SACRAMENTA,BELEM,RESIDENCIA PARTICULAR,"-1,4221172","-48,475524",16:00:00
2021,DEZEMBRO,PARQUE VERDE,BELEM,RESIDENCIA PARTICULAR,"-1,3687672","-48,4430512",02:00:00
2021,SETEMBRO,CAMPINA,BELEM,VIA PUBLICA,,,20:00:00
2021,AGOSTO,PARQUE GUAJARA,ICOARACI,RESIDENCIA PARTICULAR,"-1,3224756","-48,4525247",19:00:00
2021,SETEMBRO,BATISTA CAMPOS,BELEM,VIA PUBLICA,,,07:49:00
2021,JUNHO,PEDREIRA,BELEM,VIA PUBLICA,"-1,4263724","-48,4711704",20:25:00
2021,AGOSTO,JURUNAS,BELEM,CASA COMERCIAL,"-1,4749243","-48,4949603",11:00:00
2021,JULHO,SAO BRAS,BELEM,VIA PUBLICA,"-1,4390939","-48,4610921",16:30:00
2021,MAIO,CANUDOS,BELEM,RESIDENCIA PARTICULAR,"-1,4524348","-48,4602489",00:00:00
2021,AGOSTO,GUAMA,BELEM,"MAR, RIO, LAGOA","-1,4652921","-48,5054747",21:00:00
2021,JUNHO,GUAMA,BELEM,RESIDENCIA PARTICULAR,"-1,4716868","-48,466382",23:00:00
2021,AGOSTO,PARACURI,ICOARACI,TRANSPORTE,"-1,327583075","-48,456726074",08:00:00
2021,JUNHO,MARACACUERA,ICOARACI,VIA PUBLICA,"-1,3017625","-48,4651346",17:30:00
2021,JUNHO,TELEGRAFO SEM FIO,BELEM,RESIDENCIA PARTICULAR,"-1,4209828","-48,4852599",15:10:00
2021,JANEIRO,SAO BRAS,BELEM,VIA PUBLICA,"-1,4510599","-48,4724552",22:45:00
2021,JULHO,BENGUI,BELEM,RESIDENCIA PARTICULAR,"-1,3752999","-48,4561147",05:00:00
2021,DEZEMBRO,GUAMA,BELEM,EMBARCACAO,"-1,47358799","-48,497886658",10:00:00
2021,AGOSTO,MANGUEIRAO,BELEM,RESIDENCIA PARTICULAR,"-1,3830322","-48,4531288",22:30:00
2021,AGOSTO,TENONE,ICOARACI,RESIDENCIA PARTICULAR,"-1,3444614","-48,4444962",10:00:00
2021,AGOSTO,COQUEIRO BELEM,BELEM,RESIDENCIA PARTICULAR,"-1,3501903","-48,4202597",08:00:00
2021,AGOSTO,CONDOR,BELEM,"INTERNET (REDES SOCIAIS, APLICATIVOS DE MENSAGENS, E-MAIL, SITES, BLOGS, PORTAIS E OUTROS)","-1,4709894","-48,4793995",10:00:00.000003
2021,DEZEMBRO,MARAMBAIA,BELEM,RESIDENCIA PARTICULAR,"-1,4011209","-48,4506889",16:00:00
2021,ABRIL,ITAITEUA,OUTEIRO,RESIDENCIA PARTICULAR,"-1,2685216","-48,4443477",15:00:00
2021,AGOSTO,CRUZEIRO,ICOARACI,RESIDENCIA PARTICULAR,"-1,2947453","-48,4799684",01:00:00
2021,AGOSTO,AGUA BOA,OUTEIRO,RESIDENCIA PARTICULAR,"-1,3415445","-48,4602557",20:00:00
2021,AGOSTO,TAPANA,ICOARACI,CONDOMINIO RESIDENCIAL,"-1,3439159","-48,474735",20:00:00
2021,JULHO,TAPANA,ICOARACI,RESIDENCIA PARTICULAR,"-1,3397673","-48,4737338",16:30:00
2021,OUTUBRO,TAPANA,ICOARACI,RESIDENCIA PARTICULAR,"-1,3223561","-48,4348684",20:00:00
2021,JULHO,GUAMA,BELEM,CONDOMINIO RESIDENCIAL,"-1,4689835","-48,4585392",17:00:00
2021,OUTUBRO,MARCO,BELEM,RESIDENCIA PARTICULAR,"-1,4275132","-48,4538161",07:00:00
2021,ABRIL,ITAITEUA,OUTEIRO,RESIDENCIA PARTICULAR,"-1,2685216","-48,4443477",15:00:00
2021,MAIO,PEDREIRA,BELEM,OUTROS,"-1,4134843","-48,4739666",19:00:00
2021,ABRIL,CARANANDUBA,MOSQUEIRO,RESIDENCIA PARTICULAR,"-1,0942248","-48,4099249",21:34:00
2021,JANEIRO,CASTANHEIRA,BELEM,RESIDENCIA PARTICULAR,"-1,4057464","-48,4296217",02:00:00
2021,FEVEREIRO,CRUZEIRO,ICOARACI,OUTROS,"-1,3036947","-48,4776432",00:00:00
2021,JULHO,PEDREIRA,BELEM,RESIDENCIA PARTICULAR,"-1,4346219","-48,4773349",14:30:00
2021,OUTUBRO,SACRAMENTA,BELEM,VIA PUBLICA,,,01:40:00
2021,SETEMBRO,NAZARE,BELEM,VIA PUBLICA,"-1,4538108","-48,4872368",02:00:00
2021,OUTUBRO,GUAMA,BELEM,OUTROS,"-1,4619312","-48,4702257",12:10:00
2021,DEZEMBRO,MARAMBAIA,BELEM,RESIDENCIA PARTICULAR,"-1,4047196","-48,44867",15:00:00
2021,SETEMBRO,TAPANA,ICOARACI,RESIDENCIA PARTICULAR,"-1,3252122","-48,4682063",13:00:00
2021,DEZEMBRO,TENONE,ICOARACI,RESIDENCIA PARTICULAR,,,15:00:00
2021,SETEMBRO,SAO JOAO DO OUTEIRO,OUTEIRO,RESIDENCIA PARTICULAR,"-1,2681682","-48,4704077",20:00:00
2021,OUTUBRO,CURIO-UTINGA,BELEM,VIA PUBLICA,"-1,4226041","-48,4453585",16:30:00
2021,DEZEMBRO,MARAMBAIA,BELEM,RESIDENCIA PARTICULAR,"-1,4047943","-48,4400036",11:30:00
2021,NOVEMBRO,SAO BRAS,BELEM,RESIDENCIA PARTICULAR,"-1,4546566","-48,4697187",02:30:00
2021,SETEMBRO,SUCURIJUQUARA,MOSQUEIRO,RESIDENCIA PARTICULAR,"-1,0964856","-48,3863056",10:00:00
2021,NOVEMBRO,CURIO-UTINGA,BELEM,VIA PUBLICA,"-1,4242939","-48,4453639",16:15:00
2021,OUTUBRO,TAPANA,ICOARACI,RESIDENCIA PARTICULAR,"-1,3512677","-48,4735266",15:00:00
2021,DEZEMBRO,PEDREIRA,BELEM,RESIDENCIA PARTICULAR,"-1,3724969","-48,4548579",19:00:00
2021,DEZEMBRO,MARCO,BELEM,RESIDENCIA PARTICULAR,"-1,4512501","-48,4466771",15:30:00
2021,JULHO,COQUEIRO BELEM,BELEM,"CAFE, BAR, RESTAURANTE","-1,3347216","-48,4503549",02:30:00
2021,OUTUBRO,TAPANA,ICOARACI,RESIDENCIA PARTICULAR,"-1,3377241","-48,4682825",10:00:00
2021,OUTUBRO,PARQUE VERDE,BELEM,RESIDENCIA PARTICULAR,"-1,354654","-48,4532757",02:00:00
2021,ABRIL,PRATINHA,ICOARACI,RESIDENCIA PARTICULAR,"-1,3792479","-48,483298",16:00:00
2021,ABRIL,CRUZEIRO,ICOARACI,RESIDENCIA PARTICULAR,"-1,2984575","-48,4816482",10:00:00
2021,DEZEMBRO,CASTANHEIRA,BELEM,INDUSTRIA,"-1,4071942","-48,4404918",17:00:00
2021,DEZEMBRO,CRUZEIRO,ICOARACI,RESIDENCIA PARTICULAR,"-1,3036947","-48,4776432",16:00:00
2021,JULHO,COTIJUBA,ICOARACI,LOGRADORO PUBLICO,"-1,1221515","-48,4320099",00:00:00
2021,JANEIRO,TELEGRAFO SEM FIO,BELEM,RESIDENCIA PARTICULAR,"-1,3820107","-48,4873623",20:00:00
2021,SETEMBRO,UMARIZAL,BELEM,HOSPITAL,"-1,440814","-48,4870407",16:40:00
2021,MARCO,PRATINHA,ICOARACI,RESIDENCIA PARTICULAR,,,23:30:00
2021,JULHO,VAL-DE-CANS,BELEM,TRANSPORTE,"-1,3963274","-48,4762786",01:30:00
2021,FEVEREIRO,BRASILIA,OUTEIRO,TERRENO BALDIO,"-1,2742382","-48,4754266",20:35:00
2021,FEVEREIRO,UMARIZAL,BELEM,RESIDENCIA PARTICULAR,"-1,4409355","-48,4843235",10:00:00
2021,AGOSTO,PRATINHA,ICOARACI,RESIDENCIA PARTICULAR,"-1,4017326","-48,4384838",09:30:00
2021,JUNHO,CONDOR,BELEM,RESIDENCIA PARTICULAR,"-1,4741452","-48,4830573",11:00:00
2021,AGOSTO,BATISTA CAMPOS,BELEM,CONDOMINIO RESIDENCIAL,"-1,460937","-48,4902109",02:00:00
2021,JULHO,MARACANGALHA,BELEM,RESIDENCIA PARTICULAR,"-1,4012429","-48,4739725",16:00:00
2021,NOVEMBRO,MURUBIRA,MOSQUEIRO,VIA PUBLICA,"-1,1256928","-48,4399186",00:10:00
2021,AGOSTO,PRATINHA,ICOARACI,RESIDENCIA PARTICULAR,"-1,3662995","-48,4769942",18:00:00
2021,AGOSTO,BATISTA CAMPOS,BELEM,CONDOMINIO RESIDENCIAL,"-1,460937","-48,4902109",23:30:00
2021,JUNHO,TAPANA,ICOARACI,CASA COMERCIAL,"-1,3365682","-48,4779835",11:05:00
2021,JULHO,TAPANA,ICOARACI,RESIDENCIA PARTICULAR,"-1,3397673","-48,4737338",16:30:00
2021,OUTUBRO,CURIO-UTINGA,BELEM,VIA PUBLICA,"-1,4226041","-48,4453585",16:30:00
2021,AGOSTO,JURUNAS,BELEM,RESIDENCIA PARTICULAR,"-1,4715153","-48,4894615",03:00:00
2021,DEZEMBRO,MARAMBAIA,BELEM,VIA PUBLICA,"-1,407986","-48,4628134",17:20:00
2021,MAIO,MARACACUERA,ICOARACI,RESIDENCIA PARTICULAR,"-1,2997407","-48,44716",03:00:00
2021,OUTUBRO,BARREIRO,BELEM,RESIDENCIA PARTICULAR,"-1,4146901","-48,4930665",
2021,JANEIRO,MARAMBAIA,BELEM,RESIDENCIA PARTICULAR,"-1,4047196","-48,44867",10:50:00
2021,AGOSTO,PRATINHA,ICOARACI,RESIDENCIA PARTICULAR,"-1,3662995","-48,4769942",10:00:00
2021,MAIO,PONTA GROSSA,ICOARACI,RESIDENCIA PARTICULAR,"-1,311381","-48,480927",23:30:00
2021,NOVEMBRO,BARREIRO,BELEM,RESIDENCIA PARTICULAR,"-1,4100225","-48,4800208",20:00:00
2021,JANEIRO,PEDREIRA,BELEM,RESIDENCIA PARTICULAR,"-1,4277185","-48,470074",03:00:00
2021,JANEIRO,BARREIRO,BELEM,RESIDENCIA PARTICULAR,"-1,4147967","-48,4840224",12:00:00
2021,MARCO,SACRAMENTA,BELEM,RESIDENCIA PARTICULAR,"-1,4207613","-48,4804029",02:00:00
2021,JUNHO,SUCURIJUQUARA,MOSQUEIRO,RESIDENCIA PARTICULAR,"-1,0964856","-48,3863056",17:00:00
2021,NOVEMBRO,CASTANHEIRA,BELEM,TRANSPORTE,"-1,4086694","-48,4372536",10:30:00
2021,DEZEMBRO,TAPANA,ICOARACI,RESIDENCIA PARTICULAR,"-1,3393092","-48,4755969",07:00:00
2021,JUNHO,TAPANA,ICOARACI,CASA COMERCIAL,,,05:00:00
2021,MARCO,TAPANA,ICOARACI,RESIDENCIA PARTICULAR,,,14:00:00
2021,OUTUBRO,AEROPORTO,MOSQUEIRO,RESIDENCIA PARTICULAR,"-1,1418479","-48,4555812",09:00:00
2021,JUNHO,PARACURI,ICOARACI,VIA PUBLICA,"-1,3103064","-48,4788059",23:50:00
2021,OUTUBRO,SACRAMENTA,BELEM,RESIDENCIA PARTICULAR,"-1,4221172","-48,475524",23:00:00
2021,SETEMBRO,MARCO,BELEM,LOGRADORO PUBLICO,"-1,4375879","-48,4576599",22:30:00
2021,OUTUBRO,BATISTA CAMPOS,BELEM,VIA PUBLICA,"-1,460937","-48,4902109",10:00:00
2021,OUTUBRO,JURUNAS,BELEM,RESIDENCIA PARTICULAR,"-1,4752682","-48,4899435",02:35:00
2021,DEZEMBRO,MANGUEIRAO,BELEM,RESIDENCIA PARTICULAR,"-1,3815573","-48,454484",00:00:00
2021,AGOSTO,PARQUE GUAJARA,ICOARACI,RESIDENCIA PARTICULAR,"-1,3130163","-48,4617624",07:30:00
2021,AGOSTO,MANGUEIRAO,BELEM,RESIDENCIA PARTICULAR,"-1,4057696","-48,4720532",15:00:00
2021,NOVEMBRO,COQUEIRO BELEM,BELEM,RESIDENCIA PARTICULAR,"-1,3624025","-48,4262015",01:00:00
2021,JULHO,PEDREIRA,BELEM,RESIDENCIA PARTICULAR,,,23:46:00
2021,AGOSTO,SOUZA,BELEM,RESIDENCIA PARTICULAR,"-1,4175547","-48,4492835",11:30:00
2021,MAIO,MARAMBAIA,BELEM,"CAFE, BAR, RESTAURANTE","-1,3983981","-48,4439603",18:00:00
2021,OUTUBRO,NAZARE,BELEM,VIA PUBLICA,"-1,4551095","-48,4781863",02:00:00
2021,JANEIRO,MANGUEIRAO,BELEM,RESIDENCIA PARTICULAR,"-1,3807922","-48,4353548",16:00:00
2021,JANEIRO,VILA,MOSQUEIRO,PREDIO,"-1,1551839","-48,469311",05:00:00
2021,MAIO,COQUEIRO BELEM,BELEM,RESIDENCIA PARTICULAR,"-1,3347216","-48,4503549",02:00:00
2021,AGOSTO,NATAL DO MURUBIRA,MOSQUEIRO,RESIDENCIA PARTICULAR,"-1,1316945","-48,4445306",03:00:00
2021,JUNHO,BENGUI,BELEM,RESIDENCIA PARTICULAR,"-1,3776094","-48,4589184",00:25:00
2021,NOVEMBRO,PARQUE GUAJARA,ICOARACI,RESIDENCIA PARTICULAR,"-1,3365978","-48,4596595",23:00:00
2021,JANEIRO,AGUAS NEGRAS,ICOARACI,RESIDENCIA PARTICULAR,"-1,3118508","-48,4559468",16:00:00
2021,JANEIRO,MARCO,BELEM,"HOTEL, PENSAO, ETC","-1,4415003","-48,4601988",17:10:00
2021,MAIO,PARQUE VERDE,BELEM,RESIDENCIA PARTICULAR,"-1,3501429","-48,4526729",19:00:00
2021,ABRIL,CASTANHEIRA,BELEM,OUTROS,"-1,4059356","-48,4254516",13:00:00
2021,ABRIL,COTIJUBA,ICOARACI,RESIDENCIA PARTICULAR,"-1,3379995","-48,4597",22:20:00
2021,JANEIRO,SACRAMENTA,BELEM,CASA COMERCIAL,"-1,4192264","-48,4801333",08:30:00
2021,JUNHO,PARAISO,MOSQUEIRO,RESIDENCIA PARTICULAR,"-1,0668142","-48,381443",04:00:00
2021,ABRIL,TAPANA,ICOARACI,RESIDENCIA PARTICULAR,"-1,3487632","-48,4666236",10:00:00
2021,ABRIL,TAPANA,ICOARACI,RESIDENCIA PARTICULAR,"-1,3487632","-48,4666236",10:00:00
2021,JANEIRO,MARAMBAIA,BELEM,RESIDENCIA PARTICULAR,"-1,403899","-48,4410846",07:55:00
2021,ABRIL,UMARIZAL,BELEM,RESIDENCIA PARTICULAR,"-1,4409355","-48,4843235",17:35:00
2021,JANEIRO,COQUEIRO BELEM,BELEM,RESIDENCIA PARTICULAR,"-1,3389765","-48,4435117",12:45:00
2021,MAIO,MARAMBAIA,BELEM,RESIDENCIA PARTICULAR,"-1,4017055","-48,4544588",20:15:00
2021,JANEIRO,TAPANA,ICOARACI,RESIDENCIA PARTICULAR,"-1,3541126","-48,4661873",16:00:00
2021,ABRIL,TERRA FIRME,BELEM,CONDOMINIO RESIDENCIAL,"-1,4648412","-48,455453",00:10:00
2021,SETEMBRO,MARCO,BELEM,VIA PUBLICA,"-1,4424653","-48,4689773",08:30:00
2021,JANEIRO,GUAMA,BELEM,VIA PUBLICA,"-1,4623457","-48,468126",19:00:00
2021,SETEMBRO,CASTANHEIRA,BELEM,VIA PUBLICA,"-1,4077395","-48,4289739",15:30:00
2021,MAIO,MARAMBAIA,BELEM,RESIDENCIA PARTICULAR,"-1,3967515","-48,4416897",04:00:00
2021,JANEIRO,TERRA FIRME,BELEM,RESIDENCIA PARTICULAR,"-1,4590307","-48,4521363",16:00:00
2021,FEVEREIRO,BAIA DO SOL,MOSQUEIRO,RESIDENCIA PARTICULAR,"-1,4019342","-48,4472431",10:00:00
2021,FEVEREIRO,TENONE,ICOARACI,RESIDENCIA PARTICULAR,"-1,3179403","-48,4405604",08:30:00
2021,FEVEREIRO,TAPANA,ICOARACI,RESIDENCIA PARTICULAR,"-1,32642","-48,47624",14:30:00
2021,FEVEREIRO,BAIA DO SOL,MOSQUEIRO,RESIDENCIA PARTICULAR,"-1,4019342","-48,4472431",02:00:00
2022,SETEMBRO,VILA,MOSQUEIRO,RESIDENCIA PARTICULAR,"-1,1649674","-48,470481",19:00:00
2022,SETEMBRO,TERRA FIRME,BELEM,RESIDENCIA PARTICULAR,"-1,4464919","-48,4503837",20:00:00
2022,ABRIL,TAPANA,ICOARACI,RESIDENCIA PARTICULAR,"-1,3377241","-48,4682825",05:00:00
2022,MAIO,BATISTA CAMPOS,BELEM,TRANSPORTE,,,15:40:00
2022,OUTUBRO,TAPANA,ICOARACI,RESIDENCIA PARTICULAR,"-1,3459246","-48,4702509",03:30:00
2022,JUNHO,CAMPINA,BELEM,ESTABELECIMENTO DE ENSINO,"-1,4518591","-48,4999981",09:30:00
2022,ABRIL,CHAPEU VIRADO,MOSQUEIRO,VIA PUBLICA,"-1,1354172","-48,4579428",12:15:00
2022,JULHO,TAPANA,ICOARACI,VIA PUBLICA,"-1,3377241","-48,4682825",10:00:00
2022,OUTUBRO,FATIMA,BELEM,RESIDENCIA PARTICULAR,"-1,4444282","-48,4699606",16:30:00
2022,NOVEMBRO,BAIA DO SOL,MOSQUEIRO,RESIDENCIA,"-1,4019342","-48,4472431",00:00:00
2022,JUNHO,AGUA BOA,OUTEIRO,RESIDENCIA PARTICULAR,"-1,3542163","-48,4395872",21:00:00
2022,MARCO,JURUNAS,BELEM,RESIDENCIA PARTICULAR,"-1,4632741","-48,4895582",04:00:00
2022,MARCO,CABANAGEM,BELEM,RESIDENCIA,"-1,3768663","-48,4337754",04:00:00
2022,DEZEMBRO,TENONE,ICOARACI,ESTABELECIMENTO COMERCIAL,"-1,3212574","-48,4408458",12:20:00
2022,NOVEMBRO,MARAMBAIA,BELEM,RESIDENCIA PARTICULAR,"-1,4035740479556","-48,436989604212",23:00:00
2022,JUNHO,TELEGRAFO SEM FIO,BELEM,RESIDENCIA PARTICULAR,"-1,433074","-48,4799158",11:00:00
2022,JANEIRO,JURUNAS,BELEM,RESIDENCIA PARTICULAR,"-1,4749243","-48,4949603",19:00:00
2022,JULHO,MARCO,BELEM,ESTABELECIMENTO COMERCIAL,"-1,4316152","-48,4552853",18:00:00
2022,AGOSTO,COQUEIRO BELEM,BELEM,RESIDENCIA PARTICULAR,"-1,3526202","-48,4388893",21:00:00
2022,ABRIL,PARQUE VERDE,BELEM,RESIDENCIA PARTICULAR,"-1,3603057","-48,4569312",19:00:00
2022,AGOSTO,PARQUE VERDE,BELEM,RESIDENCIA PARTICULAR,"-1,3595489","-48,4525174",17:30:00
2022,MAIO,PRATINHA,ICOARACI,RESIDENCIA PARTICULAR,"-1,3662995","-48,4769942",23:00:00
2022,AGOSTO,TERRA FIRME,BELEM,RESIDENCIA PARTICULAR,"-1,4525699","-48,4533847",02:00:00
2022,JUNHO,PEDREIRA,BELEM,RESIDENCIA,"-1,4346219","-48,4773349",23:00:00
2022,DEZEMBRO,GUAMA,BELEM,CASA COMERCIAL,"-1,459845","-48,487826",18:40:00
2022,FEVEREIRO,VAL-DE-CANS,BELEM,RESIDENCIA PARTICULAR,"-1,3963274","-48,4762786",10:00:00
2022,FEVEREIRO,MARCO,BELEM,RESIDENCIA PARTICULAR,"-1,4474379","-48,4559982",13:30:00
2022,ABRIL,CASTANHEIRA,BELEM,CONDOMINIO RESIDENCIAL,"-1,4084993","-48,4368877",17:40:00
2022,FEVEREIRO,CAMPINA,BELEM,PREDIO,,,16:00:00
2022,MARCO,GUAMA,BELEM,OUTRO,"-1,4728852","-48,4642387",10:00:00
2022,MARCO,COTIJUBA,ICOARACI,"HOTEL, PENSAO, ETC","-1,459845","-48,487826",06:00:00
2022,OUTUBRO,TAPANA,ICOARACI,RESIDENCIA PARTICULAR,"-1,3387917","-48,4737265",10:05:00
2022,JUNHO,SACRAMENTA,BELEM,ESTABELECIMENTOS DE SAUDE,"-1,4190834","-48,4800355",10:00:00
2022,FEVEREIRO,CAMPINA,BELEM,"HOTEL, PENSAO, ETC","-1,4526132","-48,4989787",12:50:00
2022,FEVEREIRO,MANGUEIRAO,BELEM,CONDOMINIO RESIDENCIAL,"-1,3769233","-48,4412528",10:59:59.999997
2022,ABRIL,PARACURI,ICOARACI,RESIDENCIA PARTICULAR,"-1,3128825","-48,4691586",02:00:00
2022,FEVEREIRO,TENONE,ICOARACI,RESIDENCIA PARTICULAR,"-1,350743532","-48,473754883",11:40:00
2022,OUTUBRO,TAPANA,ICOARACI,OUTROS,"-1,3402832","-48,4701334",10:00:00
2022,SETEMBRO,MANGUEIRAO,BELEM,RESIDENCIA PARTICULAR,"-1,3773458","-48,4361365",00:00:00
2022,SETEMBRO,JURUNAS,BELEM,RESIDENCIA,"-1,4755598","-48,4894678",15:00:00
2022,SETEMBRO,CABANAGEM,BELEM,RESIDENCIA,"-1,3711046","-48,4362032",20:00:00
2022,MARCO,CURIO-UTINGA,BELEM,RESIDENCIA,"-1,4296467","-48,4484742",20:30:00
2022,AGOSTO,PRATINHA,ICOARACI,RESIDENCIA,"-1,3555131","-48,4476544",20:00:00
2022,JUNHO,CRUZEIRO,ICOARACI,RESIDENCIA,"-1,299572","-48,485579",23:05:00
2022,AGOSTO,AGULHA,ICOARACI,RESIDENCIA,"-1,3101097","-48,4585109",00:00:00
2022,NOVEMBRO,CASTANHEIRA,BELEM,RESIDENCIA PARTICULAR,"-1,4074249","-48,4280517",05:00:00
2022,ABRIL,MARCO,BELEM,RESIDENCIA,"-1,446699","-48,4525418",19:00:00
2022,JUNHO,BENGUI,BELEM,ESTABELECIMENTO DE ENSINO,"-1,3747525","-48,4632821",09:00:00
2022,SETEMBRO,PEDREIRA,BELEM,VIA PUBLICA,"-1,4324048","-48,4781301",10:00:00
2022,DEZEMBRO,CONDOR,BELEM,RESIDENCIA PARTICULAR,"-1,4606371","-48,4788352",07:00:00
2022,AGOSTO,PRATINHA,ICOARACI,RESIDENCIA PARTICULAR,"-1,3605874","-48,4737293",09:40:00
2022,JANEIRO,MARAMBAIA,BELEM,RESIDENCIA PARTICULAR,"-1,4044188","-48,4442725",01:00:00
2022,ABRIL,CIDADE VELHA,BELEM,EDIFICIO PUBLICO,,,23:45:00
2022,JULHO,COTIJUBA,ICOARACI,RESIDENCIA,"-1,2137755","-48,5359553",21:00:00
2022,OUTUBRO,TAPANA,ICOARACI,RESIDENCIA,"-1,3523168","-48,463076",22:10:00
2022,JANEIRO,PEDREIRA,BELEM,RESIDENCIA,"-1,4276599","-48,4617792",04:00:00
2022,JANEIRO,COQUEIRO BELEM,BELEM,VIA PUBLICA,"-1,3536179","-48,4373167",12:00:00
2022,SETEMBRO,TERRA FIRME,BELEM,ZONA URBANA,"-1,4632589","-48,4513747",21:30:00
2022,JANEIRO,TERRA FIRME,BELEM,RESIDENCIA PARTICULAR,"-1,4605548","-48,4517954",21:00:00
2022,OUTUBRO,SAO JOAO DO OUTEIRO,OUTEIRO,RESIDENCIA PARTICULAR,"-1,2638555","-48,4655234",20:00:00
2022,FEVEREIRO,REDUTO,BELEM,VIA PUBLICA,"-1,4493048","-48,4946141",05:39:59.999999
2022,ABRIL,PARQUE VERDE,BELEM,VIA PUBLICA,"-1,3560484","-48,4546312",22:00:00
2022,FEVEREIRO,MANGUEIRAO,BELEM,RESIDENCIA PARTICULAR,"-1,383837","-48,4378546",08:00:00
2022,MARCO,AGUA BOA,OUTEIRO,RESIDENCIA PARTICULAR,"-1,3416343","-48,4603016",16:00:00
2022,MARCO,TAPANA,ICOARACI,RESIDENCIA PARTICULAR,"-1,3424498","-48,4664734",11:30:00.000003
2022,FEVEREIRO,FATIMA,BELEM,RESIDENCIA PARTICULAR,"-1,4412166","-48,4805059",10:30:00
2022,JUNHO,CASTANHEIRA,BELEM,CASA COMERCIAL,"-1,4059356","-48,4254516",20:10:00
2022,ABRIL,MARCO,BELEM,RESIDENCIA PARTICULAR,"-1,4338957","-48,4508052",12:45:00
2022,JUNHO,TAPANA,ICOARACI,RESIDENCIA PARTICULAR,"-1,3377241","-48,4682825",10:00:00
2022,NOVEMBRO,PONTA GROSSA,ICOARACI,RESIDENCIA PARTICULAR,"-1,3070731","-48,4850866",22:20:00
2022,OUTUBRO,CANUDOS,BELEM,VIA PUBLICA,"-1,4499756","-48,4601045",10:00:00
2022,MARCO,PARACURI,ICOARACI,RESIDENCIA PARTICULAR,"-1,3172435","-48,4855037",03:00:00
2022,JUNHO,GUAMA,BELEM,VIA PUBLICA,"-1,4712053","-48,4608818",17:00:00
2022,MARCO,PARQUE VERDE,BELEM,RESIDENCIA PARTICULAR,"-1,3505854","-48,4504016",02:00:00
2022,MARCO,UMARIZAL,BELEM,RESIDENCIA PARTICULAR,"-1,4409355","-48,4843235",06:00:00
2022,JANEIRO,MARACACUERA,ICOARACI,ESTABELECIMENTO COMERCIAL,"-1,3017625","-48,4651346",18:20:00
2022,FEVEREIRO,NAZARE,BELEM,EM VEICULO,"-1,449323","-48,4805721",20:57:00
2022,MAIO,PARQUE GUAJARA,ICOARACI,RESIDENCIA PARTICULAR,"-1,324765","-48,4493217",10:10:00
2022,JUNHO,COQUEIRO BELEM,BELEM,"PENITENCIARIA, REFORMATORIO","-1,3404183","-48,4427033",05:10:00
2022,JANEIRO,MARCO,BELEM,"HOTEL, PENSAO, ETC","-1,4415003","-48,4601988",06:15:00
2022,MAIO,CARANANDUBA,MOSQUEIRO,RESIDENCIA PARTICULAR,"-1,0942248","-48,4099249",02:00:00
2022,SETEMBRO,TERRA FIRME,BELEM,RESIDENCIA,"-1,465448","-48,4501914",05:00:00
2022,FEVEREIRO,TERRA FIRME,BELEM,RESIDENCIA,"-1,4559662","-48,4517817",19:00:00
2022,JUNHO,PARQUE GUAJARA,ICOARACI,RESIDENCIA,"-1,321894","-48,4504714",19:15:00
2022,DEZEMBRO,CAMPINA DE ICOARACI,ICOARACI,RESIDENCIA PARTICULAR,"-1,2998038","-48,4650285",12:20:00
2022,NOVEMBRO,FAROL,MOSQUEIRO,RESIDENCIA PARTICULAR,"-1,1414422","-48,4622881",07:00:00
2022,MAIO,BARREIRO,BELEM,RESIDENCIA PARTICULAR,"-1,4165663","-48,4836171",23:00:00
2022,MARCO,BRASILIA,OUTEIRO,RESIDENCIA PARTICULAR,"-1,3140326","-48,4836795",08:45:00
2022,MARCO,SOUZA,BELEM,RESIDENCIA PARTICULAR,"-1,414791","-48,4425682",03:00:00
2022,JULHO,PRATINHA,ICOARACI,RESIDENCIA PARTICULAR,"-1,3605874","-48,4737293",04:00:00
2022,JUNHO,SOUZA,BELEM,VIA PUBLICA,"-1,406609","-48,4664287",18:30:00
2022,SETEMBRO,BENGUI,BELEM,RESIDENCIA PARTICULAR,"-1,3760246","-48,4570499",16:35:00
2022,AGOSTO,UMARIZAL,BELEM,CASA COMERCIAL,"-1,4397553","-48,4864646",19:30:00
2022,JANEIRO,TERRA FIRME,BELEM,RESIDENCIA PARTICULAR,"-1,4479899","-48,4476249",17:00:00
2022,FEVEREIRO,PRATINHA,ICOARACI,RESIDENCIA,"-1,3605874","-48,4737293",10:00:00
2022,MARCO,PARQUE GUAJARA,ICOARACI,RESIDENCIA,"-1,3224316","-48,4512779",15:00:00
2022,NOVEMBRO,TAPANA,ICOARACI,CASA DE ABRIGO E ASSISTENCIA,"-1,3377241","-48,4682825",09:35:00
2022,JULHO,VILA,MOSQUEIRO,RESIDENCIA PARTICULAR,"-1,1649674","-48,470481",15:00:00
2022,OUTUBRO,PRATINHA,ICOARACI,RESIDENCIA PARTICULAR,"-1,3605874","-48,4737293",09:30:00
2022,OUTUBRO,TERRA FIRME,BELEM,RESIDENCIA,"-1,4565104","-48,4541069",02:00:00
2022,NOVEMBRO,GUAMA,BELEM,RESIDENCIA PARTICULAR,"-1,4564801","-48,4775314",23:00:00
2022,ABRIL,GUAMA,BELEM,RESIDENCIA PARTICULAR,"-1,4661589","-48,4606743",17:00:00
2022,ABRIL,FATIMA,BELEM,RESIDENCIA,"-1,4434034","-48,4720521",17:30:00
2022,AGOSTO,GUAMA,BELEM,RESIDENCIA PARTICULAR,"-1,4616125","-48,4612477",17:40:00
2022,OUTUBRO,SACRAMENTA,BELEM,RESIDENCIA PARTICULAR,"-1,4125033","-48,4767019",00:00:00
2022,OUTUBRO,PONTA GROSSA,ICOARACI,VIA PUBLICA,"-1,3088172","-48,4831732",16:50:00
2022,FEVEREIRO,PARQUE VERDE,BELEM,OUTROS,"-1,3475245","-48,4110088",22:30:00
2022,SETEMBRO,SAO BRAS,BELEM,VIA PUBLICA,"-1,450797","-48,4653706",22:00:00
2022,SETEMBRO,JURUNAS,BELEM,RESIDENCIA PARTICULAR,"-1,4658664","-48,4953723",19:00:00
2022,AGOSTO,SAO CLEMENTE,BELEM,VIA PUBLICA,"-1,3965904","-48,4419653",11:30:00
2022,JULHO,BARREIRO,BELEM,RESIDENCIA PARTICULAR,"-1,4135046","-48,4844171",01:00:00
2022,NOVEMBRO,AGULHA,ICOARACI,OUTROS,"-1,3077013","-48,4689704",20:30:00
2022,AGOSTO,PEDREIRA,BELEM,VIA PUBLICA,"-1,4712088","-48,4855386",19:00:00
2022,SETEMBRO,PRATINHA,ICOARACI,VIA PUBLICA,"-1,3605874","-48,4737293",18:30:00
2022,SETEMBRO,PRATINHA,ICOARACI,VIA PUBLICA,"-1,3606895","-48,4701137",10:00:00
2022,DEZEMBRO,JURUNAS,BELEM,CASA COMERCIAL,"-1,4703532","-48,49193120000001",08:06:00
2022,OUTUBRO,GUAMA,BELEM,RESIDENCIA PARTICULAR,"-1,464852","-48,4680206",20:00:00
2022,JULHO,MARAHU,MOSQUEIRO,OUTRO,"-1,074399","-48,399120100000005",03:40:00
2022,JULHO,CREMACAO,BELEM,VIA PUBLICA,"-1,4557269","-48,4773841",22:00:00
2022,OUTUBRO,PARACURI,ICOARACI,RESIDENCIA PARTICULAR,"-1,327583075","-48,456726074",12:00:00
2022,DEZEMBRO,GUAMA,BELEM,RESIDENCIA,"-1,470512","-48,46386580000001",16:00:00
2022,OUTUBRO,MARCO,BELEM,RESIDENCIA,"-1,4423088","-48,4503969",02:00:00
2022,AGOSTO,MARACACUERA,ICOARACI,VIA PUBLICA,"-1,2978573","-48,4614365",14:08:00
2022,AGOSTO,MARCO,BELEM,CONDOMINIO RESIDENCIAL,"-1,4457353343221","-48,4614152088761",11:30:00
2022,SETEMBRO,TERRA FIRME,BELEM,VIA PUBLICA,"-1,4648412","-48,455453",01:00:00
2022,DEZEMBRO,TENONE,ICOARACI,RESIDENCIA PARTICULAR,"-1,3189473","-48,4410409",12:52:00
2022,DEZEMBRO,PARQUE VERDE,BELEM,RESIDENCIA PARTICULAR,"-1,3659135","-48,4512306",16:30:00
2022,OUTUBRO,MARCO,BELEM,HOSPITAL,"-1,4448826","-48,4656236",01:00:00
2022,AGOSTO,CAMPINA DE ICOARACI,ICOARACI,VIA PUBLICA,"-1,2944635","-48,463516",12:40:00
2022,OUTUBRO,TAPANA,ICOARACI,VIA PUBLICA,"-1,3488709","-48,4639011",00:30:00
2022,DEZEMBRO,MANGUEIRAO,BELEM,VIA PUBLICA,"-1,3803456","-48,447335",03:10:00
2022,NOVEMBRO,CASTANHEIRA,BELEM,VIA PUBLICA,"-1,4084993","-48,4368877",18:30:00
2022,OUTUBRO,PEDREIRA,BELEM,RESIDENCIA PARTICULAR,"-1,4251058869158","-48,471214491402",20:40:00
2022,OUTUBRO,COQUEIRO BELEM,BELEM,RESIDENCIA PARTICULAR,"-1,3555131","-48,4476544",21:30:00
2022,NOVEMBRO,PARQUE VERDE,BELEM,RESIDENCIA PARTICULAR,"-1,3659135","-48,4512306",14:00:00
2022,NOVEMBRO,MANGUEIRAO,BELEM,RESIDENCIA PARTICULAR,"-1,3803593","-48,4560678",23:00:00
2023,JANEIRO,MANGUEIRAO,BELEM,RESIDENCIA PARTICULAR,"-1,3787859","-48,437966",15:00:00
2023,JUNHO,JURUNAS,BELEM,RESIDENCIA PARTICULAR,"-1,4740792","-48,4910573",23:30:00
2023,NOVEMBRO,CASTANHEIRA,BELEM,OUTROS,"-1,4084993","-48,4368877",08:45:00
2023,MARCO,COQUEIRO BELEM,BELEM,VIA PUBLICA,"-1,35349","-48,431015",19:30:00
2023,JUNHO,CAMPINA DE ICOARACI,ICOARACI,RESIDENCIA PARTICULAR,"-1,2944635","-48,463516",16:05:00
2023,DEZEMBRO,PARQUE VERDE,BELEM,RESIDENCIA,"-1,3692341","-48,455696",16:00:00
2023,JULHO,SOUZA,BELEM,VIA PUBLICA,"-1,3972169","-48,4343604",20:00:00
2023,MARCO,CAMPINA,BELEM,ESTABELECIMENTO COMERCIAL,"-1,4498308","-48,5005344",19:55:00
2023,MARCO,PARQUE VERDE,BELEM,VIA PUBLICA,"-1,356666","-48,4500777",12:00:00
2023,MARCO,MARAMBAIA,BELEM,OUTROS,"-1,3980393","-48,4368137",11:40:00
2023,FEVEREIRO,MARAMBAIA,BELEM,OUTROS,"-1,3976375","-48,43553",14:21:00
2023,MARCO,SACRAMENTA,BELEM,VIA PUBLICA,"-1,4053059","-48,4705971",22:20:00
2023,NOVEMBRO,VAL-DE-CANS,BELEM,VIA PUBLICA,"-1,3859921","-48,4604399",13:10:00
2023,SETEMBRO,PEDREIRA,BELEM,VIA PUBLICA,"-1,4263724","-48,4711704",04:00:00
2023,SETEMBRO,PEDREIRA,BELEM,RESIDENCIA PARTICULAR,"-1,4269892","-48,4709057",20:00:00
2023,JANEIRO,PARQUE VERDE,BELEM,VIA PUBLICA,"-1,3668531","-48,4545236",05:30:00
2023,AGOSTO,GUAMA,BELEM,"MAR, RIO, LAGOA","-1,459845","-48,487826",14:45:00
2023,JUNHO,CONDOR,BELEM,RESIDENCIA,"-1,4681356","-48,4757246",19:30:00
2023,MARCO,JURUNAS,BELEM,RESIDENCIA PARTICULAR,"-1,4678039","-48,4862355",04:00:00
2023,JULHO,SOUZA,BELEM,RESIDENCIA,"-1,41446857097","-48,442411137573",02:00:00
2023,JULHO,UMARIZAL,BELEM,RESIDENCIA PARTICULAR,"-1,4475708","-48,4834415",12:00:00
2023,JUNHO,MARAMBAIA,BELEM,RESIDENCIA PARTICULAR,"-1,3982565","-48,4361577",03:00:00
2023,JUNHO,BRASILIA,OUTEIRO,VIA PUBLICA,"-1,2760578","-48,477108",01:30:00
2023,JANEIRO,JURUNAS,BELEM,"CAFE, BAR, RESTAURANTE","-1,4693695","-48,48635039999999",18:05:00
2023,JANEIRO,BARREIRO,BELEM,AREA RURAL,"-1,3860304162134","-48,4886737619989",11:50:00
2023,MAIO,CIDADE VELHA,BELEM,OUTROS,"-1,4590197","-48,5024516",15:30:00
2023,JANEIRO,AEROPORTO,MOSQUEIRO,RESIDENCIA PARTICULAR,"-1,1426619","-48,4586543",22:50:00
2023,MAIO,GUAMA,BELEM,RESIDENCIA PARTICULAR,"-1,4594945","-48,4605709",09:00:00
2023,FEVEREIRO,MARAMBAIA,BELEM,"HOTEL, PENSAO, ETC","-1,3963108","-48,4347662",09:00:00
2023,ABRIL,PARQUE VERDE,BELEM,ESTABELECIMENTO INDUSTRIAL,"-1,3501429","-48,4526729",07:30:00
2023,JANEIRO,COQUEIRO BELEM,BELEM,RESIDENCIA PARTICULAR,"-1,3519665","-48,4372699",03:30:00
2023,JANEIRO,JURUNAS,BELEM,ZONA URBANA,"-1,4678463","-48,49783709999997",00:00:00
2023,ABRIL,MARACANGALHA,BELEM,EM VEICULO,"-1,3997759","-48,4756726",19:40:00
2023,JANEIRO,GUAMA,BELEM,RESIDENCIA PARTICULAR,"-1,4718866","-48,4656224",06:00:00
2023,SETEMBRO,SACRAMENTA,BELEM,OUTRO,"-1,4193795","-48,477179",07:00:00
2023,MAIO,BATISTA CAMPOS,BELEM,RESIDENCIA PARTICULAR,"-1,3361947","-48,4405119",21:30:00
2023,AGOSTO,MARCO,BELEM,RESIDENCIA PARTICULAR,"-1,437645","-48,4577148",02:00:00
2023,AGOSTO,MARCO,BELEM,RESIDENCIA,"-1,4426437","-48,4529097",18:00:00
2023,OUTUBRO,CABANAGEM,BELEM,VIA PUBLICA,"-1,3711046","-48,4362032",04:00:00
2023,DEZEMBRO,CABANAGEM,BELEM,RESIDENCIA PARTICULAR,"-1,3621136","-48,4360216",19:30:00
2023,OUTUBRO,AGUA BOA,OUTEIRO,RESIDENCIA,"-1,257654","-48,4501759",07:30:00
2023,OUTUBRO,UNA,BELEM,VIA PUBLICA,"-1,3713637","-48,4249741",11:30:00
2023,DEZEMBRO,MARACACUERA,ICOARACI,CONDOMINIO RESIDENCIAL,"-1,2997407","-48,44716",09:30:00
2023,ABRIL,MANGUEIRAO,BELEM,ESTABELECIMENTO COMERCIAL,"-1,3807054","-48,4471558",12:20:00
2023,MAIO,GUAMA,BELEM,RESIDENCIA,"-1,4642102","-48,4557736",15:00:00
2023,MAIO,MARACANGALHA,BELEM,RESIDENCIA PARTICULAR,"-1,4067998","-48,4743735",10:00:00
2023,MAIO,MARCO,BELEM,CASA DE ABRIGO E ASSISTENCIA,"-1,445837","-48,4560625",09:00:00
2023,MAIO,CONDOR,BELEM,RESIDENCIA,"-1,4718698","-48,4808854",03:00:00
2023,MAIO,SACRAMENTA,BELEM,RESIDENCIA PARTICULAR,"-1,4125033","-48,4767019",16:00:00
2023,MAIO,BRASILIA,OUTEIRO,"HOTEL, PENSAO, ETC","-1,2742382","-48,4754266",17:00:00
2023,MARCO,TAPANA,ICOARACI,VIA PUBLICA,"-1,3390363","-48,4735128",21:15:00
2023,ABRIL,TELEGRAFO SEM FIO,BELEM,"CAFE, BAR, RESTAURANTE","-1,4229929","-48,4876118",00:00:00
2023,SETEMBRO,CAMPINA DE ICOARACI,ICOARACI,VIA PUBLICA,"-1,2999779","-48,4639226",02:00:00
2023,MAIO,CRUZEIRO,ICOARACI,ESTABELECIMENTO DE ENSINO,"-1,3036947","-48,4776432",20:30:00
2023,NOVEMBRO,JURUNAS,BELEM,CONDOMINIO RESIDENCIAL,"-1,4703532","-48,49193120000001",06:29:00
2023,OUTUBRO,BARREIRO,BELEM,RESIDENCIA PARTICULAR,"-1,4153251","-48,4880221",17:00:00
2023,NOVEMBRO,PEDREIRA,BELEM,ESTABELECIMENTO DE ENSINO,"-1,4207501","-48,4642983",09:22:00
2023,DEZEMBRO,PEDREIRA,BELEM,VIA PUBLICA,"-1,4269892","-48,4709057",15:00:00
2023,SETEMBRO,CONDOR,BELEM,RESIDENCIA,"-1,472288","-48,4831006",01:40:00
2023,DEZEMBRO,MARAMBAIA,BELEM,VIA PUBLICA,"-1,3991536","-48,4368331",04:30:00
2023,OUTUBRO,MARACANGALHA,BELEM,VIA PUBLICA,"-1,4006347","-48,4828607",19:30:00
2023,SETEMBRO,CARANANDUBA,MOSQUEIRO,RESIDENCIA,"-1,0924591","-48,4064143",14:35:00
2023,JUNHO,SAO JOAO DO OUTEIRO,OUTEIRO,OUTROS,"-1,25885","-48,4647843",10:00:00
2023,JUNHO,MANGUEIRAO,BELEM,OUTROS,"-1,3772979","-48,4385859",19:20:00
2023,JULHO,CABANAGEM,BELEM,RESIDENCIA PARTICULAR,"-1,3621136","-48,4360216",12:40:00
2023,JANEIRO,BRASILIA,OUTEIRO,RESIDENCIA PARTICULAR,"-1,2709847","-48,4785333",16:50:00
2023,JUNHO,TERRA FIRME,BELEM,RESIDENCIA PARTICULAR,"-1,464668","-48,449402",08:00:00
2023,ABRIL,JURUNAS,BELEM,VIA PUBLICA,"-1,4637289","-48,4969956",16:45:00
2023,MARCO,JURUNAS,BELEM,CONDOMINIO RESIDENCIAL,"-1,4703532","-48,49193120000001",18:06:00
2023,JULHO,SAO FRANCISCO,MOSQUEIRO,RESIDENCIA PARTICULAR,"-1,1311631","-48,4530553",06:30:00
2023,JULHO,BRASILIA,OUTEIRO,RESIDENCIA PARTICULAR,"-1,2804651","-48,4740883",03:00:00
2023,JANEIRO,TENONE,ICOARACI,EDIFICIO PUBLICO,"-1,3185105","-48,436132",11:00:00
2023,JUNHO,SAO BRAS,BELEM,EDIFICIO PUBLICO,"-1,4518221","-48,4745785",10:00:00
2023,JANEIRO,GUAMA,BELEM,"CAFE, BAR, RESTAURANTE","-1,4689835","-48,4585392",23:05:00
2023,NOVEMBRO,GUAMA,BELEM,ESTABELECIMENTO DE ENSINO,"-1,4689835","-48,4585392",11:00:00
2023,AGOSTO,CURIO-UTINGA,BELEM,VIA PUBLICA,"-1,4226041","-48,4453585",08:40:00
2023,FEVEREIRO,AGULHA,ICOARACI,RESIDENCIA PARTICULAR,"-1,3077355","-48,4681828",02:05:00
2023,JUNHO,NAZARE,BELEM,"CAFE, BAR, RESTAURANTE","-1,4551095","-48,4781863",22:00:00
2023,OUTUBRO,CAMPINA DE ICOARACI,ICOARACI,VIA PUBLICA,"-1,2980627","-48,4640585",19:00:00
2023,DEZEMBRO,COTIJUBA,ICOARACI,RESIDENCIA PARTICULAR,"-1,4555747","-48,4900054",03:30:00
2023,FEVEREIRO,CURIO-UTINGA,BELEM,RESIDENCIA PARTICULAR,"-1,4291555","-48,4445705",07:00:00
2023,SETEMBRO,CRUZEIRO,ICOARACI,RESIDENCIA PARTICULAR,"-1,3622906","-48,4638457",15:00:00
2023,SETEMBRO,VILA,MOSQUEIRO,RESIDENCIA PARTICULAR,"-1,1649674","-48,470481",11:00:00
2023,MAIO,TERRA FIRME,BELEM,RESIDENCIA,"-1,4565321","-48,4518258",12:30:00
2023,MARCO,CABANAGEM,BELEM,RESIDENCIA PARTICULAR,"-1,3709046","-48,4312751",10:00:00
2023,NOVEMBRO,PEDREIRA,BELEM,VIA PUBLICA,"-1,4248567","-48,4712778",23:50:00
2023,JULHO,SAO JOAO DO OUTEIRO,OUTEIRO,OUTROS,"-1,2611158","-48,4670931",12:00:00
2023,AGOSTO,SAO JOAO DO OUTEIRO,OUTEIRO,VIA PUBLICA,"-1,2623298","-48,4629988",02:00:00
2023,NOVEMBRO,COTIJUBA,ICOARACI,OUTROS,"-1,1221515","-48,432009900000025",03:44:00
2023,AGOSTO,SAO BRAS,BELEM,ESTABELECIMENTO COMERCIAL,"-1,4485029","-48,4774662",10:00:00
2023,JULHO,TERRA FIRME,BELEM,RESIDENCIA PARTICULAR,"-1,4547658","-48,4464829",10:00:00
2023,NOVEMBRO,MANGUEIRAO,BELEM,RESIDENCIA PARTICULAR,"-1,3769233","-48,4412528",20:00:00
2023,DEZEMBRO,GUAMA,BELEM,EMBARCACAO,"-1,4774973547127075","-48,512706756591804",03:00:00
2023,AGOSTO,MANGUEIRAS,MOSQUEIRO,RESIDENCIA PARTICULAR,"-1,3973528","-48,4312209",10:00:00
2023,AGOSTO,PARQUE VERDE,BELEM,VIA PUBLICA,"-1,3562169","-48,4474953",11:30:00
2023,JUNHO,MARCO,BELEM,RESIDENCIA,"-1,4356096","-48,462047",19:30:00
2023,OUTUBRO,CASTANHEIRA,BELEM,RESIDENCIA PARTICULAR,"-1,4024892","-48,4331454",20:40:00
2023,NOVEMBRO,CRUZEIRO,ICOARACI,"PENITENCIARIA, REFORMATORIO","-1,3057919","-48,4873234",20:15:00
2023,MARCO,PEDREIRA,BELEM,RESIDENCIA PARTICULAR,"-1,434701","-48,4675376",20:00:00
2023,JULHO,TERRA FIRME,BELEM,OBRA/CONSTRUCAO CIVIL,"-1,4648412","-48,455453",17:00:00
2023,DEZEMBRO,TERRA FIRME,BELEM,RESIDENCIA PARTICULAR,"-1,4547658","-48,4464829",14:45:00
2023,JULHO,BATISTA CAMPOS,BELEM,PREDIO,"-1,4593861","-48,4948372",09:00:00
2023,ABRIL,MARAMBAIA,BELEM,HOSPITAL,"-1,3980174","-48,4402109",19:00:00
2023,JULHO,MARAMBAIA,BELEM,VIA PUBLICA,"-1,4047196","-48,44867",22:30:00
2023,MARCO,UMARIZAL,BELEM,SEM INFORMACAO,"-1,4397553","-48,4864646",04:00:00
2023,JULHO,SAO BRAS,BELEM,TEMPLOS RELIGIOSOS,"-1,4529001","-48,467802",10:00:00
2023,MAIO,VILA,MOSQUEIRO,VIA PUBLICA,"-1,1590133","-48,4690059",18:50:00
2023,FEVEREIRO,CONDOR,BELEM,ESTABELECIMENTO PRISIONAL,"-1,4708883","-48,4773171",22:00:00
2023,JANEIRO,SACRAMENTA,BELEM,RESIDENCIA PARTICULAR,"-1,4106462","-48,4679796",21:00:00
2023,FEVEREIRO,CAMPINA DE ICOARACI,ICOARACI,RESIDENCIA PARTICULAR,"-1,2908116","-48,4702689",11:00:00
2023,FEVEREIRO,JURUNAS,BELEM,RESIDENCIA PARTICULAR,"-1,4703532","-48,4919312",01:30:00
2023,MARCO,SOUZA,BELEM,INSTITUICAO PUBLICA,"-1,4274526","-48,4524073",10:00:00
2023,FEVEREIRO,REDUTO,BELEM,"HOTEL, PENSAO, ETC","-1,4493048","-48,4946141",09:00:00
2023,JANEIRO,MARACACUERA,ICOARACI,RESIDENCIA PARTICULAR,"-1,2997407","-48,44716",03:30:00
2023,JULHO,CABANAGEM,BELEM,RESIDENCIA,"-1,3690291","-48,4306171",08:00:00
2023,AGOSTO,PEDREIRA,BELEM,RESIDENCIA PARTICULAR,"-1,4263208","-48,4746944",13:00:00
2023,AGOSTO,JURUNAS,BELEM,RESIDENCIA,"-1,4667991","-48,4890709",01:00:00
2023,NOVEMBRO,MURUBIRA,MOSQUEIRO,VIA PUBLICA,"-1,1211824","-48,4430302",13:45:00
2023,OUTUBRO,PRATINHA,ICOARACI,RESIDENCIA,"-1,3605874","-48,4737293",23:00:00
2023,NOVEMBRO,NAZARE,BELEM,CONDOMINIO COMERCIAL,"-1,4493867","-48,4804909",17:25:00
2023,AGOSTO,REDUTO,BELEM,OUTROS,"-1,4483241","-48,4947792",05:00:00
2023,SETEMBRO,MARAMBAIA,BELEM,RESIDENCIA PARTICULAR,"-1,4010492","-48,4479884",10:00:00
2023,FEVEREIRO,PRAIA GRANDE,MOSQUEIRO,VIA PUBLICA,"-1,462554","-48,4579771",03:30:00
2023,MARCO,MARAMBAIA,BELEM,RESIDENCIA PARTICULAR,"-1,3984173","-48,4411655",09:00:00
2023,AGOSTO,MANGUEIRAO,BELEM,RESIDENCIA PARTICULAR,"-1,3829989","-48,4361297",01:00:00
2023,NOVEMBRO,CAMPINA DE ICOARACI,ICOARACI,RESIDENCIA PARTICULAR,"-1,2945027","-48,4762305",22:00:00
2023,JUNHO,SACRAMENTA,BELEM,RESIDENCIA PARTICULAR,"-1,4106462","-48,4679796",10:00:00
2023,SETEMBRO,TAPANA,ICOARACI,RESIDENCIA PARTICULAR,"-1,3487632","-48,4666236",07:00:00
2023,JANEIRO,MARACACUERA,ICOARACI,RESIDENCIA PARTICULAR,"-1,2978573","-48,4614365",02:30:00
2023,JULHO,UMARIZAL,BELEM,RESIDENCIA,"-1,4409355","-48,4843235",10:00:00
2023,OUTUBRO,SAO JOAO DO OUTEIRO,OUTEIRO,VIA PUBLICA,"-1,2623298","-48,4629988",21:00:00
2023,JUNHO,VAL-DE-CANS,BELEM,ESTABELECIMENTO DE ENSINO,"-1,3785078","-48,4782089",14:30:00
2023,JANEIRO,TELEGRAFO SEM FIO,BELEM,VIA PUBLICA,"-1,4229929","-48,4876118",07:00:00
2023,JUNHO,CAMPINA DE ICOARACI,ICOARACI,RESIDENCIA,"-1,2938977","-48,4669556",16:00:00
2023,OUTUBRO,TELEGRAFO SEM FIO,BELEM,ESTABELECIMENTO DE ENSINO,"-1,4361868","-48,4867537",12:00:00
2023,OUTUBRO,COQUEIRO BELEM,BELEM,RESIDENCIA PARTICULAR,"-1,3327351630396","-48,439315215283",22:00:00
2023,JUNHO,MARAMBAIA,BELEM,TRANSPORTE POR APLICATIVO,"-1,4011381","-48,4346545",09:03:00
2023,FEVEREIRO,MARAMBAIA,BELEM,VIA PUBLICA,"-1,4047196","-48,44867",17:00:00
2023,MAIO,CABANAGEM,BELEM,RESIDENCIA PARTICULAR,"-1,3709046","-48,4312751",10:00:00
2023,JUNHO,AGUA BOA,OUTEIRO,RESIDENCIA PARTICULAR,"-1,2597476","-48,457057",22:00:00
2023,JULHO,ARIRAMBA,MOSQUEIRO,RESIDENCIA,"-1,334416","-48,4397741",20:00:00
2023,MARCO,JURUNAS,BELEM,CONDOMINIO RESIDENCIAL,"-1,4703532","-48,49193120000001",15:09:00
2023,FEVEREIRO,COQUEIRO BELEM,BELEM,RESIDENCIA PARTICULAR,"-1,3397708","-48,4418978",10:30:00
2023,MAIO,SOUZA,BELEM,RESIDENCIA PARTICULAR,"-1,4090942","-48,445011",04:00:00
2023,MARCO,TELEGRAFO SEM FIO,BELEM,VIA PUBLICA,"-1,4361868","-48,4867537",22:20:00
2023,FEVEREIRO,UMARIZAL,BELEM,VIA PUBLICA,"-1,4447818","-48,4786673",05:00:00
2023,OUTUBRO,GUAMA,BELEM,RESIDENCIA,"-1,4689835","-48,4585392",00:00:00
2023,MARCO,CRUZEIRO,ICOARACI,VIA PUBLICA,"-1,3622906","-48,4638457",05:00:00
2023,MARCO,CREMACAO,BELEM,VIA PUBLICA,"-1,456408","-48,47997680000003",23:00:00
2023,MAIO,PARQUE GUAJARA,ICOARACI,VIA PUBLICA,"-1,3160848","-48,4552267",23:00:00
2024,JUNHO,VAL-DE-CANS,BELEM,RESIDENCIA PARTICULAR,"-1,3947008","-48,4743113",01:30:00
2024,SETEMBRO,SAO BRAS,BELEM,"CAFE, BAR, RESTAURANTE","-1,4502983","-48,4709226",23:00:00
2024,SETEMBRO,TAPANA,ICOARACI,RESIDENCIA PARTICULAR,"-1,3309655","-48,4690536",17:00:00
2024,SETEMBRO,PARQUE VERDE,BELEM,RESIDENCIA PARTICULAR,"-1,4033438","-48,4261555",14:20:00
2024,SETEMBRO,CIDADE VELHA,BELEM,ESTABELECIMENTO DE ENSINO,"-1,4668157","-48,4976372",14:00:00
2024,SETEMBRO,BENGUI,BELEM,RESIDENCIA PARTICULAR,"-1,3734273","-48,449455",20:00:00
2024,OUTUBRO,GUAMA,BELEM,VIA PUBLICA,"-1,4585775","-48,4616288",01:00:00
2024,SETEMBRO,CIDADE VELHA,BELEM,RESIDENCIA PARTICULAR,"-1,4626088","-48,4976267",10:30:00
2024,OUTUBRO,SAO JOAO DO OUTEIRO,OUTEIRO,RESIDENCIA PARTICULAR,"-1,2654142","-48,4740672",17:00:00
2024,SETEMBRO,SACRAMENTA,BELEM,RESIDENCIA PARTICULAR,"-1,4106462","-48,4679796",23:30:00
2024,OUTUBRO,MARCO,BELEM,OUTROS,"-1,4316152","-48,4552853",20:00:00
2024,DEZEMBRO,MARCO,BELEM,OUTROS,"-1,437645","-48,4577148",09:10:00
2024,OUTUBRO,CASTANHEIRA,BELEM,RESIDENCIA PARTICULAR,"-1,4059356","-48,4254516",17:00:00
2024,OUTUBRO,UMARIZAL,BELEM,RESIDENCIA PARTICULAR,"-1,4408441","-48,4839062",05:00:00
2024,NOVEMBRO,TENONE,ICOARACI,RESIDENCIA,"-1,2736453","-48,4750584",00:00:00
2024,NOVEMBRO,MARAMBAIA,BELEM,RESIDENCIA PARTICULAR,"-1,4017055","-48,4544588",01:15:00
2024,NOVEMBRO,CAMPINA DE ICOARACI,ICOARACI,RESIDENCIA PARTICULAR,"-1,2988819","-48,4764063",03:00:00
2024,NOVEMBRO,MARCO,BELEM,RESIDENCIA,"-1,4373859","-48,4499039",17:00:00
2024,ABRIL,PEDREIRA,BELEM,ESTABELECIMENTO COMERCIAL,"-1,4263724","-48,4711704",05:00:00
2024,ABRIL,CASTANHEIRA,BELEM,RESIDENCIA,"-1,4024892","-48,4331454",14:00:00
2024,NOVEMBRO,CURIO-UTINGA,BELEM,RESIDENCIA,"-1,4266425","-48,4431795",16:00:00
2024,NOVEMBRO,AGUAS NEGRAS,ICOARACI,VIA PUBLICA,"-1,303087831","-48,453914642",05:10:00
2024,ABRIL,TENONE,ICOARACI,RESIDENCIA,"-1,3184982","-48,4524588",23:00:00
2024,NOVEMBRO,BRASILIA,OUTEIRO,RESIDENCIA PARTICULAR,"-1,2793769","-48,4705046",20:00:00
2024,NOVEMBRO,GUAMA,BELEM,RESIDENCIA,"-1,4524122","-48,4598343",09:30:00
2024,NOVEMBRO,CASTANHEIRA,BELEM,RESIDENCIA PARTICULAR,"-1,3997104","-48,4316282",18:00:00
2024,NOVEMBRO,TERRA FIRME,BELEM,RESIDENCIA,"-1,4570997","-48,4494405",21:40:00
2024,NOVEMBRO,TENONE,ICOARACI,RESIDENCIA,"-1,3444614","-48,4444962",13:35:00
2024,NOVEMBRO,TELEGRAFO SEM FIO,BELEM,RESIDENCIA PARTICULAR,"-1,4310363","-48,4828665",22:30:00
2024,DEZEMBRO,MARCO,BELEM,RESIDENCIA,"-1,4338957","-48,4508052",20:15:00
2024,AGOSTO,PARQUE VERDE,BELEM,RESIDENCIA PARTICULAR,"-1,368148","-48,4382127",11:30:00
2024,JULHO,CARANANDUBA,MOSQUEIRO,VIA PUBLICA,"-1,0988758","-48,4048385",14:30:00
2024,JULHO,CARANANDUBA,MOSQUEIRO,RESIDENCIA,"-1,0942248","-48,4099249",23:30:00
2024,SETEMBRO,SAO FRANCISCO,MOSQUEIRO,RESIDENCIA PARTICULAR,"-1,4614511","-48,4778113",20:25:00
2024,NOVEMBRO,GUAMA,BELEM,RESIDENCIA PARTICULAR,"-1,4672942","-48,4612573",19:30:00
2024,NOVEMBRO,COQUEIRO BELEM,BELEM,VIA PUBLICA,"-1,3474511","-48,4473833",15:30:00
2024,DEZEMBRO,SAO FRANCISCO,MOSQUEIRO,VIA PUBLICA,"-1,4585252","-48,4978261",11:00:00
2024,DEZEMBRO,SAO FRANCISCO,MOSQUEIRO,VIA PUBLICA,"-1,1065956","-48,4180847",01:05:00
2024,DEZEMBRO,MANGUEIRAO,BELEM,VIA PUBLICA,"-1,383837","-48,4378546",05:00:00
2024,DEZEMBRO,CAMPINA,BELEM,VIA PUBLICA,"-1,4521105","-48,494693",10:00:00
2024,DEZEMBRO,MARACANGALHA,BELEM,RESIDENCIA,"-1,3993766","-48,4738045",18:00:00
2024,DEZEMBRO,NAZARE,BELEM,OUTROS,"-1,4493867","-48,4804909",16:00:00
2024,MAIO,BENGUI,BELEM,VIA PUBLICA,"-1,3760246","-48,4570499",14:20:00
2024,MAIO,CONDOR,BELEM,RESIDENCIA,"-1,4722512","-48,4803851",01:00:00
2024,MAIO,GUAMA,BELEM,RESIDENCIA,"-1,4598313","-48,4656336",08:00:00
2024,MAIO,TERRA FIRME,BELEM,RESIDENCIA PARTICULAR,"-1,4616825","-48,4513447",23:00:00
2024,MAIO,GUAMA,BELEM,RESIDENCIA,"-1,4718866","-48,4656224",21:30:00
2024,NOVEMBRO,CRUZEIRO,ICOARACI,RESIDENCIA PARTICULAR,"-1,3057919","-48,4873234",16:00:00
2024,MAIO,BARREIRO,BELEM,RESIDENCIA PARTICULAR,"-1,4135046","-48,4844171",16:00:00
2024,MAIO,BARREIRO,BELEM,RESIDENCIA PARTICULAR,"-1,4135046","-48,4844171",17:00:00
2024,ABRIL,SAO FRANCISCO,MOSQUEIRO,VIA PUBLICA,"-1,1065956","-48,4180847",08:00:00
2024,MARCO,MARAMBAIA,BELEM,ESTABELECIMENTO DE ENSINO,"-1,4047196","-48,44867",17:00:00
2024,FEVEREIRO,GUAMA,BELEM,RESIDENCIA,"-1,4639578","-48,4624551",19:00:00
2024,MARCO,CONDOR,BELEM,VIA PUBLICA,"-1,4744938","-48,4778392",02:30:00
2024,JANEIRO,GUAMA,BELEM,RESIDENCIA PARTICULAR,"-1,4704182","-48,4696729",11:00:00
2024,FEVEREIRO,VILA,MOSQUEIRO,"PENITENCIARIA, REFORMATORIO","-1,1590133","-48,4690059",08:00:00
2024,FEVEREIRO,MANGUEIRAO,BELEM,CASA COMERCIAL,"-1,3804997","-48,4509235",10:30:00
2024,MARCO,JURUNAS,BELEM,VIA PUBLICA,"-1,4633577","-48,4871603",19:30:00
2024,FEVEREIRO,PRATINHA,ICOARACI,RESIDENCIA,"-1,3701825","-48,4632187",06:00:00
2024,FEVEREIRO,CREMACAO,BELEM,RESIDENCIA PARTICULAR,"-1,4662147","-48,4819482",10:30:00
2024,FEVEREIRO,AGUA BOA,OUTEIRO,RESIDENCIA,"-1,3416343","-48,4603016",15:00:00
2024,ABRIL,SAO BRAS,BELEM,ESTABELECIMENTOS DE SAUDE,"-1,4529199","-48,470644",18:00:00
2024,ABRIL,SAO BRAS,BELEM,PROPRIEDADE RESIDENCIAL URBANA,"-1,4485029","-48,4774662",00:30:00
2024,ABRIL,MARCO,BELEM,ESTABELECIMENTOS DE SAUDE,"-1,4401607","-48,4646987",12:00:00
2024,ABRIL,PARQUE VERDE,BELEM,RESIDENCIA PARTICULAR,"-1,3505854","-48,4504016",23:30:00
2024,ABRIL,PEDREIRA,BELEM,ESTABELECIMENTO DE ENSINO,"-1,4207501","-48,4642983",12:00:00
2024,ABRIL,TAPANA,ICOARACI,VIA PUBLICA,"-1,348909","-48,4657529",18:50:00
2024,MARCO,TAPANA,ICOARACI,VIA PUBLICA,"-1,3440724","-48,4573228",22:00:00
2024,ABRIL,CREMACAO,BELEM,ESTABELECIMENTO COMERCIAL,"-1,4633108","-48,4838826",11:45:00
2024,FEVEREIRO,CRUZEIRO,ICOARACI,ESTABELECIMENTO DE ENSINO,"-1,3022871","-48,4834347",09:00:00
2024,ABRIL,SAO BRAS,BELEM,RESIDENCIA PARTICULAR,"-1,4522094","-48,4674223",20:00:00
2024,ABRIL,CREMACAO,BELEM,VIA PUBLICA,"-1,4632389","-48,4828191",04:30:00
2024,ABRIL,PEDREIRA,BELEM,VIA PUBLICA,"-1,4289493","-48,4690999",07:00:00
2024,MAIO,BRASILIA,OUTEIRO,VIA PUBLICA,"-1,2807122","-48,4730105",07:20:00
2024,ABRIL,CAMPINA DE ICOARACI,ICOARACI,RESIDENCIA PARTICULAR,"-1,2974922","-48,4668276",19:30:00
2024,ABRIL,CRUZEIRO,ICOARACI,VIA PUBLICA,"-1,2989641","-48,4851323",18:00:00
2024,MAIO,PONTA GROSSA,ICOARACI,ESTABELECIMENTO DE ENSINO,"-1,3073406","-48,4871133",17:30:00
2024,FEVEREIRO,BRASILIA,OUTEIRO,RESIDENCIA,"-1,2742382","-48,4754266",14:00:00
2024,FEVEREIRO,GUAMA,BELEM,ESTABELECIMENTO COMERCIAL,"-1,4653292","-48,4564909",05:00:00
2024,MARCO,CAMPINA DE ICOARACI,ICOARACI,RESIDENCIA PARTICULAR,"-1,2938977","-48,4669556",15:00:00
2024,JUNHO,TAPANA,ICOARACI,VIA PUBLICA,"-1,3495216","-48,4595902",10:00:00
2024,MAIO,PONTA GROSSA,ICOARACI,RESIDENCIA PARTICULAR,"-1,3070731","-48,4850866",11:55:00
2024,JUNHO,TAPANA,ICOARACI,RESIDENCIA PARTICULAR,"-1,3457478","-48,4520291",02:00:00
2024,MAIO,MARACACUERA,ICOARACI,RESIDENCIA,"-1,2997407","-48,44716",15:00:00
2024,JUNHO,MARACACUERA,ICOARACI,RESIDENCIA PARTICULAR,"-1,2997407","-48,44716",21:00:00
2024,JUNHO,TAPANA,ICOARACI,VIA PUBLICA,"-1,3252122","-48,4682063",11:00:00
2024,JUNHO,FATIMA,BELEM,RESIDENCIA,"-1,4413124","-48,4717832",19:00:00
2024,ABRIL,MARACANGALHA,BELEM,RESIDENCIA,"-1,3387241","-48,435434",10:00:00
2024,FEVEREIRO,MANGUEIRAO,BELEM,RESIDENCIA PARTICULAR,"-1,3769233","-48,4412528",23:30:00
2024,FEVEREIRO,BARREIRO,BELEM,RESIDENCIA,"-1,4144627","-48,4865179",00:05:00
2024,MARCO,SAO BRAS,BELEM,EM VEICULO,"-1,4518221","-48,4745785",21:00:00
2024,FEVEREIRO,SACRAMENTA,BELEM,RESIDENCIA,"-1,4094358","-48,467981",14:30:00
2024,FEVEREIRO,GUAMA,BELEM,RESIDENCIA PARTICULAR,"-1,4638866","-48,4632953",02:00:00
2024,JUNHO,CRUZEIRO,ICOARACI,RESIDENCIA,"-1,3021109","-48,4833374",14:00:00
2024,JUNHO,BENGUI,BELEM,RESIDENCIA,"-1,3781938","-48,4542059",16:20:00
2024,JUNHO,CURIO-UTINGA,BELEM,RESIDENCIA PARTICULAR,"-1,4313136","-48,4505918",09:00:00
2024,FEVEREIRO,PRATINHA,ICOARACI,RESIDENCIA PARTICULAR,"-1,3605874","-48,4737293",19:00:00
2024,MARCO,AGUAS NEGRAS,ICOARACI,RESIDENCIA PARTICULAR,"-1,3048712","-48,4577429",15:00:00
2024,FEVEREIRO,JURUNAS,BELEM,RESIDENCIA,"-1,4703532","-48,4919312",03:00:00
2024,SETEMBRO,MARAMBAIA,BELEM,VIA PUBLICA,"-1,3982604","-48,4620571",06:30:00
2024,ABRIL,TAPANA,ICOARACI,RESIDENCIA PARTICULAR,"-1,3457478","-48,4520291",07:00:00
2024,OUTUBRO,GUAMA,BELEM,RESIDENCIA PARTICULAR,"-1,4616125","-48,4612477",00:10:00
2024,MARCO,SACRAMENTA,BELEM,RESIDENCIA,"-1,4129655","-48,4831488",04:00:00
2024,MARCO,GUAMA,BELEM,RESIDENCIA PARTICULAR,"-1,4706618","-48,4660941",07:00:00
2024,MARCO,SAO BRAS,BELEM,VIA PUBLICA,"-1,447894","-48,4628953",14:00:00
2024,ABRIL,TAPANA,ICOARACI,RESIDENCIA,"-1,3398679167399","-48,4676207089797",06:30:00
2024,MARCO,TAPANA,ICOARACI,RESIDENCIA,"-1,3541367","-48,4600233",23:00:00
2024,ABRIL,TAPANA,ICOARACI,RESIDENCIA PARTICULAR,"-1,3495496","-48,4648124",16:00:00
2024,ABRIL,MARACACUERA,ICOARACI,RESIDENCIA PARTICULAR,"-1,2997407","-48,44716",01:30:00
2024,JULHO,COQUEIRO BELEM,BELEM,VIA PUBLICA,"-1,3473879","-48,4473199",22:20:00
2024,JANEIRO,SOUZA,BELEM,OUTROS,"-1,4274526","-48,4524073",13:00:00
2024,JULHO,COQUEIRO BELEM,BELEM,RESIDENCIA,"-1,3579604","-48,4317102",00:00:00
2024,JULHO,TAPANA,ICOARACI,RESIDENCIA PARTICULAR,"-1,3328257","-48,4667969",07:00:00
2024,MARCO,PEDREIRA,BELEM,RESIDENCIA,"-1,4367277","-48,4759952",05:25:00
2024,JULHO,MARACACUERA,ICOARACI,RESIDENCIA PARTICULAR,"-1,2997407","-48,44716",04:00:00
2024,JULHO,CARANANDUBA,MOSQUEIRO,VIA PUBLICA,"-1,0942248","-48,4099249",01:25:00
2024,JULHO,MARAMBAIA,BELEM,EM VEICULO,"-1,4021203","-48,4534034",18:00:00
2024,JULHO,BRASILIA,OUTEIRO,CASA DE ABRIGO E ASSISTENCIA,"-1,2780178","-48,4767985",09:30:00
2024,JULHO,COQUEIRO BELEM,BELEM,"CAFE, BAR, RESTAURANTE","-1,3289393","-48,4456324",00:00:00
2024,JULHO,CASTANHEIRA,BELEM,RESIDENCIA,"-1,407167","-48,432311",22:30:00
2024,JULHO,GUAMA,BELEM,RESIDENCIA PARTICULAR,"-1,4735768","-48,470482",20:00:00
2024,JANEIRO,CASTANHEIRA,BELEM,RESIDENCIA PARTICULAR,"-1,4024892","-48,4331454",20:00:00
2024,JULHO,CREMACAO,BELEM,RESIDENCIA,"-1,4665514","-48,4734698",16:55:00
2024,JANEIRO,AGUA BOA,OUTEIRO,RESIDENCIA PARTICULAR,"-1,2506059","-48,4570577",16:00:00
2024,JANEIRO,CREMACAO,BELEM,RESIDENCIA PARTICULAR,"-1,4566026","-48,4778784",09:00:00
2024,JULHO,NAZARE,BELEM,RESIDENCIA PARTICULAR,"-1,4537304","-48,487322800000015",09:00:00
2024,JULHO,TELEGRAFO SEM FIO,BELEM,"CAFE, BAR, RESTAURANTE","-1,438483","-48,4901605",07:00:00
2024,JULHO,CHAPEU VIRADO,MOSQUEIRO,CONDOMINIO RESIDENCIAL,"-1,1351962","-48,4548553",06:00:00
2024,JANEIRO,MARCO,BELEM,RESIDENCIA PARTICULAR,"-1,42994988","-48,464809418",08:00:00
2024,AGOSTO,ITAITEUA,OUTEIRO,VIA PUBLICA,"-1,3475792","-48,4467941",15:00:00
2024,AGOSTO,PEDREIRA,BELEM,RESIDENCIA PARTICULAR,"-1,434701","-48,4675376",13:55:00
2024,AGOSTO,PEDREIRA,BELEM,RESIDENCIA PARTICULAR,"-1,4243658","-48,4695777",17:20:00
2024,AGOSTO,COTIJUBA,ICOARACI,RESIDENCIA PARTICULAR,"-1,2342292","-48,5481691",08:00:00
2024,AGOSTO,TERRA FIRME,BELEM,RESIDENCIA,"-1,4566211","-48,4518087",07:20:00
2024,JULHO,TERRA FIRME,BELEM,RESIDENCIA,"-1,4494951","-48,4476251",21:30:00
2024,AGOSTO,COQUEIRO BELEM,BELEM,RESIDENCIA PARTICULAR,"-1,3389765","-48,4435117",01:00:00
2024,JULHO,PEDREIRA,BELEM,CASA COMERCIAL,"-1,428488851","-48,465435028",22:40:00
2024,AGOSTO,UMARIZAL,BELEM,HOSPITAL,"-1,440814","-48,4870407",19:40:00
2024,AGOSTO,MARCO,BELEM,RESIDENCIA PARTICULAR,"-1,4474379","-48,4559982",05:30:00
2024,AGOSTO,SACRAMENTA,BELEM,VIA PUBLICA,"-1,4123723","-48,4779709",05:00:00
2024,AGOSTO,SAO JOAO DO OUTEIRO,OUTEIRO,RESIDENCIA PARTICULAR,"-1,269988","-48,4766343",15:30:00
2024,AGOSTO,TAPANA,ICOARACI,RESIDENCIA PARTICULAR,"-1,3318644","-48,4807533",19:30:00
2024,AGOSTO,SACRAMENTA,BELEM,VIA PUBLICA,"-1,4109897","-48,4700399",03:00:00
2024,AGOSTO,COQUEIRO BELEM,BELEM,VIA PUBLICA,"-1,3259356","-48,4478679",19:48:00
2024,AGOSTO,SACRAMENTA,BELEM,OUTRO,"-1,4109897","-48,4700399",04:00:00
2024,AGOSTO,MURUBIRA,MOSQUEIRO,RESIDENCIA PARTICULAR,"-1,2708197","-48,4488972",15:00:00
2024,AGOSTO,TENONE,ICOARACI,RESIDENCIA PARTICULAR,"-1,3784017","-48,4370488",13:00:00
2024,AGOSTO,ITAITEUA,OUTEIRO,RESIDENCIA,"-1,2719928","-48,4458872",09:40:00
2024,AGOSTO,CHAPEU VIRADO,MOSQUEIRO,RESIDENCIA PARTICULAR,"-1,1256928","-48,4399186",22:30:00
2024,JUNHO,GUAMA,BELEM,CASA COMERCIAL,"-1,4638866","-48,46329530000003",05:34:00
2024,AGOSTO,TAPANA,ICOARACI,RESIDENCIA PARTICULAR,"-1,3611072","-48,4603678",12:00:00
2024,MARCO,CABANAGEM,BELEM,RESIDENCIA PARTICULAR,"-1,3756662","-48,4335918",09:00:00
2024,AGOSTO,MARACANGALHA,BELEM,OUTROS,"-1,4082053","-48,4824607",00:00:00
2024,SETEMBRO,SACRAMENTA,BELEM,ESTABELECIMENTO DE DIVERSAO COLETIVA,"-1,413247","-48,4743097",15:30:00
2024,SETEMBRO,REDUTO,BELEM,RESIDENCIA,"-1,4471949","-48,4959352",11:00:00
2025,ABRIL,GUAMA,BELEM,RESIDENCIA,"-1,4712053","-48,4608818",04:05:00
2025,MARCO,AGUA BOA,OUTEIRO,VIA PUBLICA,"-1,3246131","-48,462173",02:00:00
2025,JULHO,TENONE,ICOARACI,RESIDENCIA PARTICULAR,"-1,3189473","-48,4410409",10:00:00
2025,SETEMBRO,BATISTA CAMPOS,BELEM,ESTABELECIMENTO COMERCIAL,"-1,460937","-48,4902109",18:00:00
2025,SETEMBRO,CREMACAO,BELEM,RESIDENCIA,"-1,4612807","-48,4762267",11:00:00
2025,MAIO,FATIMA,BELEM,"HOTEL, PENSAO, ETC","-1,4579201","-48,4689556",20:00:00
2025,FEVEREIRO,COQUEIRO BELEM,BELEM,RESIDENCIA PARTICULAR,"-1,3550719","-48,4348661",06:00:00
2025,JULHO,TERRA FIRME,BELEM,RESIDENCIA,"-1,4547658","-48,4464829",09:05:00
2025,JULHO,MARACANGALHA,BELEM,RESIDENCIA,"-1,3999677","-48,487437",04:10:00
2025,MAIO,PEDREIRA,BELEM,HOSPITAL,"-1,4207501","-48,4642983",20:00:00
2025,FEVEREIRO,PARACURI,ICOARACI,VIA PUBLICA,"-1,3113811","-48,4771925",05:40:00
2025,JULHO,CAMPINA DE ICOARACI,ICOARACI,TERRENO BALDIO,"-1,3083139","-48,4696514",14:00:00
2025,JULHO,MARAMBAIA,BELEM,VIA PUBLICA,"-1,4053772","-48,4473586",01:05:00
2025,MARCO,CONDOR,BELEM,RESIDENCIA,"-1,4730102","-48,4851025",17:00:00
2025,MARCO,TELEGRAFO SEM FIO,BELEM,RESIDENCIA PARTICULAR,"-1,4194953","-48,4863593",23:30:00
2025,FEVEREIRO,JURUNAS,BELEM,RESIDENCIA,"-1,4693695","-48,4863504",16:55:00
2025,JANEIRO,BAIA DO SOL,MOSQUEIRO,RESIDENCIA PARTICULAR,"-1,4106462","-48,4679796",22:30:00
2025,ABRIL,PARQUE VERDE,BELEM,RESIDENCIA,"-1,3629873","-48,4584369",08:00:00
2025,MARCO,BENGUI,BELEM,RESIDENCIA PARTICULAR,"-1,3747525","-48,4632821",13:00:00
2025,MARCO,VILA,MOSQUEIRO,VIA PUBLICA,"-1,160885","-48,4699251",23:00:00
2025,JULHO,COQUEIRO BELEM,BELEM,RESIDENCIA PARTICULAR,"-1,3471907","-48,4469434",12:00:00
2025,ABRIL,PARQUE GUAJARA,ICOARACI,"INTERNET (REDES SOCIAIS, APLICATIVOS DE MENSAGENS, E-MAIL, SITES, BLOGS, PORTAIS E OUTROS)","-1,321894","-48,4504714",00:35:00
2025,FEVEREIRO,MARAMBAIA,BELEM,RESIDENCIA,"-1,4047196","-48,44867",02:00:00
2025,FEVEREIRO,SACRAMENTA,BELEM,RESIDENCIA,"-1,4103779","-48,4722965",10:00:00
2025,JANEIRO,CAMPINA DE ICOARACI,ICOARACI,OUTROS,"-1,2949886","-48,4699377",19:00:00
2025,JANEIRO,PARQUE VERDE,BELEM,RESIDENCIA PARTICULAR,"-1,3505854","-48,4504016",01:30:00
2025,FEVEREIRO,COQUEIRO BELEM,BELEM,RESIDENCIA PARTICULAR,"-1,3470069","-48,4492937",02:20:00
2025,MARCO,MARAMBAIA,BELEM,RESIDENCIA,"-1,4053772","-48,4473586",12:00:00
2025,MARCO,TERRA FIRME,BELEM,RESIDENCIA PARTICULAR,"-1,4597361","-48,4506076",10:00:00
2025,JULHO,CAMPINA,BELEM,VIA PUBLICA,"-1,4498308","-48,5005344",00:00:00
2025,FEVEREIRO,TAPANA,ICOARACI,VIA PUBLICA,"-1,3503735","-48,468877",04:30:00
2025,JULHO,MARACACUERA,ICOARACI,RESIDENCIA PARTICULAR,"-1,3006203","-48,4580098",03:00:00
2025,JANEIRO,CURIO-UTINGA,BELEM,RESIDENCIA PARTICULAR,"-1,4226041","-48,4453585",22:00:00
2025,MARCO,CAMPINA,BELEM,RESIDENCIA PARTICULAR,"-1,4538882","-48,5014384",20:00:00
2025,MAIO,GUAMA,BELEM,CASA COMERCIAL,"-1,4653292","-48,4564909",20:00:00
2025,MARCO,UMARIZAL,BELEM,VIA PUBLICA,"-1,4523374","-48,4775742",23:40:00
2025,JANEIRO,CREMACAO,BELEM,RESIDENCIA PARTICULAR,"-1,461848","-48,4777542",22:00:00
2025,JANEIRO,MARCO,BELEM,PREDIO,"-1,4366912","-48,4567314",10:30:00
2025,MAIO,CAMPINA DE ICOARACI,ICOARACI,RESIDENCIA,"-1,2938977","-48,4669556",17:40:00
2025,JANEIRO,FATIMA,BELEM,RESIDENCIA PARTICULAR,"-1,4515052","-48,472326",19:30:00
2025,MAIO,CRUZEIRO,ICOARACI,RESIDENCIA,"-1,2930869","-48,4840325",21:30:00
2025,JULHO,PEDREIRA,BELEM,RESIDENCIA PARTICULAR,"-1,4158563","-48,4658005",23:55:00
2025,JULHO,MARACANGALHA,BELEM,VIA PUBLICA,"-1,4721649","-48,4736937",04:30:00
2025,JANEIRO,MARACANGALHA,BELEM,RESIDENCIA PARTICULAR,"-1,3995235","-48,4771634",10:00:00
2025,MARCO,TELEGRAFO SEM FIO,BELEM,RESIDENCIA PARTICULAR,"-1,4194953","-48,4863593",23:30:00
2025,MARCO,TELEGRAFO SEM FIO,BELEM,RESIDENCIA PARTICULAR,"-1,4194953","-48,4863593",23:30:00
2025,MARCO,TELEGRAFO SEM FIO,BELEM,RESIDENCIA PARTICULAR,"-1,4194953","-48,4863593",23:30:00
2025,JANEIRO,CASTANHEIRA,BELEM,OUTROS,"-1,3963108","-48,4347662",12:00:00
2025,FEVEREIRO,CRUZEIRO,ICOARACI,VIA PUBLICA,"-1,299572","-48,485579",21:00:00
2025,JULHO,GUAMA,BELEM,RESIDENCIA,"-1,4638866","-48,4632953",11:45:00
2025,JULHO,MANGUEIRAO,BELEM,RESIDENCIA,"-1,381774","-48,4352303",15:47:00
2025,ABRIL,PEDREIRA,BELEM,RESIDENCIA,"-1,4269892","-48,4709057",08:00:00
2025,MAIO,CRUZEIRO,ICOARACI,INSTITUICAO PUBLICA,"-1,3057919","-48,4873234",07:00:00
2025,JULHO,MARACANGALHA,BELEM,RESIDENCIA,"-1,4007962","-48,4758341",23:00:00
2025,MAIO,MANGUEIRAO,BELEM,RESIDENCIA,"-1,3799767","-48,4350439",09:00:00
2025,JULHO,CONDOR,BELEM,EMBARCACAO,"-1,4763371","-48,4793809",19:00:00
2025,JUNHO,NAZARE,BELEM,RESIDENCIA PARTICULAR,"-1,4537304","-48,487322800000015",03:00:00
2025,MAIO,TENONE,ICOARACI,RESIDENCIA PARTICULAR,"-1,3185105","-48,436132",12:30:00
2025,MAIO,CONDOR,BELEM,RESIDENCIA,"-1,4731262","-48,4778484",10:00:00
2025,ABRIL,PEDREIRA,BELEM,ESTABELECIMENTOS DE SAUDE,"-1,4207501","-48,4642983",20:20:00
2025,MAIO,PARQUE GUAJARA,ICOARACI,RESIDENCIA PARTICULAR,"-1,3129813","-48,4653668",19:30:00
2025,JULHO,SACRAMENTA,BELEM,VIA PUBLICA,"-1,4127793","-48,4787877",03:00:00
2025,ABRIL,GUAMA,BELEM,RESIDENCIA,"-1,4622344","-48,4575966",04:40:00
2025,MARCO,CAMPINA,BELEM,VIA PUBLICA,"-1,4475185","-48,4984062",22:00:00
2025,MAIO,MARACACUERA,ICOARACI,RESIDENCIA PARTICULAR,"-1,35046494","-48,44701004",22:00:00
2025,ABRIL,CABANAGEM,BELEM,RESIDENCIA,"-1,3642971","-48,4353299",08:30:00
2025,AGOSTO,NAZARE,BELEM,VIA PUBLICA,"-1,4518177","-48,4837704",23:30:00
2025,JUNHO,BENGUI,BELEM,TERRENO BALDIO,"-1,3764045","-48,4488515",22:00:00
2025,JANEIRO,JURUNAS,BELEM,RESIDENCIA PARTICULAR,"-1,4708179","-48,493828",10:00:00
2025,FEVEREIRO,TELEGRAFO SEM FIO,BELEM,RESIDENCIA PARTICULAR,"-1,4267208","-48,4867208",10:00:00
2025,JUNHO,SACRAMENTA,BELEM,VIA PUBLICA,"-1,4190834","-48,4800355",03:00:00
2025,FEVEREIRO,CARANANDUBA,MOSQUEIRO,VIA PUBLICA,"-1,0942248","-48,4099249",19:40:00
2025,JUNHO,CABANAGEM,BELEM,RESIDENCIA,"-1,3614646","-48,4374893",05:00:00
2025,JUNHO,BAIA DO SOL,MOSQUEIRO,RESIDENCIA,"-1,4019342","-48,4472431",08:45:00
2025,JUNHO,CARANANDUBA,MOSQUEIRO,RESIDENCIA PARTICULAR,"-1,0942248","-48,4099249",15:15:00
2025,JUNHO,MARAMBAIA,BELEM,RESIDENCIA,"-1,4039445","-48,4648755",06:15:00
2025,JUNHO,MARCO,BELEM,RESIDENCIA PARTICULAR,"-1,4370123","-48,4656724",09:05:00
2025,SETEMBRO,CRUZEIRO,ICOARACI,ESTABELECIMENTO DE ENSINO,"-1,3622906","-48,4638457",11:10:00
2025,SETEMBRO,SAO JOAO DO OUTEIRO,OUTEIRO,RESIDENCIA PARTICULAR,"-1,256005","-48,4644662",04:00:00
2025,MARCO,CABANAGEM,BELEM,RESIDENCIA PARTICULAR,"-1,3645492","-48,4331154",14:00:00
2025,SETEMBRO,CAMPINA,BELEM,ESTABELECIMENTO DE DIVERSAO COLETIVA,"-1,4498308","-48,5005344",22:30:00
2025,MAIO,CAMPINA DE ICOARACI,ICOARACI,RESIDENCIA,"-1,2949886","-48,4699377",12:00:00
2025,SETEMBRO,CIDADE VELHA,BELEM,RESIDENCIA PARTICULAR,"-1,4622922","-48,5004148",09:00:00
2025,OUTUBRO,PRAIA GRANDE,MOSQUEIRO,RESIDENCIA PARTICULAR,"-1,4294044","-48,482211",03:00:00
2025,OUTUBRO,COQUEIRO BELEM,BELEM,VIA PUBLICA,"-1,3636339","-48,4292153",03:30:00
2025,OUTUBRO,SACRAMENTA,BELEM,RESIDENCIA PARTICULAR,"-1,4184536","-48,476175",13:00:00
2025,OUTUBRO,JURUNAS,BELEM,RESIDENCIA PARTICULAR,"-1,4740792","-48,4910573",04:30:00
2025,OUTUBRO,PEDREIRA,BELEM,OUTROS,"-1,4374898","-48,4661123",17:45:00
2025,OUTUBRO,TAPANA,ICOARACI,RESIDENCIA PARTICULAR,"-1,3503735","-48,468877",15:00:00
2025,OUTUBRO,TAPANA,ICOARACI,RESIDENCIA PARTICULAR,"-1,3260005","-48,4753574",00:00:00
2025,OUTUBRO,CAMPINA DE ICOARACI,ICOARACI,ESTABELECIMENTO COMERCIAL,"-1,2949886","-48,4699377",13:30:00
2025,OUTUBRO,SAO BRAS,BELEM,INSTITUICAO PUBLICA,"-1,4512399","-48,4675232",22:00:00
2025,ABRIL,CONDOR,BELEM,OUTROS,"-1,4701069","-48,4733706",20:00:00
2025,SETEMBRO,MARCO,BELEM,RESIDENCIA PARTICULAR,"-1,4415003","-48,4601988",13:00:00
2025,OUTUBRO,UMARIZAL,BELEM,PREDIO,"-1,4426299","-48,4876653",10:20:00
2025,OUTUBRO,BENGUI,BELEM,RESIDENCIA PARTICULAR,"-1,37682","-48,4532126",01:00:00
2025,OUTUBRO,CRUZEIRO,ICOARACI,RESIDENCIA PARTICULAR,"-1,299572","-48,485579",07:00:00
2025,JUNHO,JURUNAS,BELEM,RESIDENCIA,"-1,4760518","-48,487585",11:00:00
2025,AGOSTO,CARANANDUBA,MOSQUEIRO,VIA PUBLICA,"-1,0930262","-48,4071632",18:30:00
2025,JUNHO,BATISTA CAMPOS,BELEM,VIA PUBLICA,"-1,460937","-48,4902109",20:30:00
2025,OUTUBRO,TENONE,ICOARACI,OUTROS,"-1,3259071","-48,4384724",08:40:00
2025,OUTUBRO,TERRA FIRME,BELEM,"INTERNET (REDES SOCIAIS, APLICATIVOS DE MENSAGENS, E-MAIL, SITES, BLOGS, PORTAIS E OUTROS)","-1,4565104","-48,4541069",10:10:00
2025,JUNHO,PRATINHA,ICOARACI,AMBIENTE VIRTUAL(INTERNET),"-1,3768873","-48,4835062",15:55:00
2025,AGOSTO,CONDOR,BELEM,ESTABELECIMENTO PRISIONAL,"-1,4708883","-48,4773171",20:00:00
2025,JUNHO,SAO JOAO DO OUTEIRO,OUTEIRO,RESIDENCIA PARTICULAR,"-1,2659508","-48,4667445",22:00:00
2025,JUNHO,ITAITEUA,OUTEIRO,RESIDENCIA PARTICULAR,"-1,3553756","-48,439747",08:40:00
2025,AGOSTO,PARQUE GUAJARA,ICOARACI,CONDOMINIO RESIDENCIAL,"-1,3165105","-48,4615263",21:45:00
